,Event_id,Event_Name,Event_date,Mag,event_lat,event_long,Depth_km,CDI,No. of responses,Hypocentral distance,Latitude,Longitude,Suspect?,Standard deviation,City,dist_fromKolkata_km,event_id_use
0,,"13 km W of Kar?mpur, India",2020-08-26T02:24:03.662Z,4.0,23.965,88.4834,10.0,3.5,6,67,23.3674,88.5165,0,0.285,Krishnanagar,156.4712617,"2020-08-26 | 13 km W of Kar?mpur, India"
1,,"13 km W of Kar?mpur, India",2020-08-26T02:24:03.662Z,4.0,23.965,88.4834,10.0,2.9,3,58,23.4586,88.4196,0,0.311,NavadwГ„В«p,156.4712617,"2020-08-26 | 13 km W of Kar?mpur, India"
2,,"13 km W of Kar?mpur, India",2020-08-26T02:24:03.662Z,4.0,23.965,88.4834,10.0,4.6,3,31,24.0923,88.2298,0,0.311,Baharampur,156.4712617,"2020-08-26 | 13 km W of Kar?mpur, India"
3,,"13 km W of Kar?mpur, India",2020-08-26T02:24:03.662Z,4.0,23.965,88.4834,10.0,3.2,2,85,23.644,87.7353,0,0.32,Bolpur,156.4712617,"2020-08-26 | 13 km W of Kar?mpur, India"
4,,"13 km W of Kar?mpur, India",2020-08-26T02:24:03.662Z,4.0,23.965,88.4834,10.0,2.0,1,130,23.4646,87.3427,0,0.33,Durgapur,156.4712617,"2020-08-26 | 13 km W of Kar?mpur, India"
5,,"13 km W of Kar?mpur, India",2020-08-26T02:24:03.662Z,4.0,23.965,88.4834,10.0,2.0,1,48,23.9132,88.0316,0,0.33,Kandi,156.4712617,"2020-08-26 | 13 km W of Kar?mpur, India"
6,,"13 km W of Kar?mpur, India",2020-08-26T02:24:03.662Z,4.0,23.965,88.4834,10.0,3.1,1,29,23.9117,88.228,0,0.33,Beldanga,156.4712617,"2020-08-26 | 13 km W of Kar?mpur, India"
7,,"13 km W of Kar?mpur, India",2020-08-26T02:24:03.662Z,4.0,23.965,88.4834,10.0,2.0,1,69,23.3692,88.3209,0,0.33,NavadwГ„В«p,156.4712617,"2020-08-26 | 13 km W of Kar?mpur, India"
8,,"13 km W of Kar?mpur, India",2020-08-26T02:24:03.662Z,4.0,23.965,88.4834,10.0,3.4,1,38,23.6392,88.4216,0,0.33,Muragachha,156.4712617,"2020-08-26 | 13 km W of Kar?mpur, India"
9,,"13 km W of Kar?mpur, India",2020-08-26T02:24:03.662Z,4.0,23.965,88.4834,10.0,2.0,1,78,24.6341,88.2351,0,0.33,Nawabganj,156.4712617,"2020-08-26 | 13 km W of Kar?mpur, India"
10,,"14 km ESE of Tungi, Bangladesh",2025-11-21T04:38:28.942Z,5.4,23.8578,90.5404,27.0,5.6,321,31,23.8044,90.3991,0,0.09,Dacca,266.9435608,"2025-11-21 | 14 km ESE of Tungi, Bangladesh"
11,,"14 km ESE of Tungi, Bangladesh",2025-11-21T04:38:28.942Z,5.4,23.8578,90.5404,27.0,5.4,264,34,23.7142,90.4009,0,0.09,Dacca,266.9435608,"2025-11-21 | 14 km ESE of Tungi, Bangladesh"
12,,"14 km ESE of Tungi, Bangladesh",2025-11-21T04:38:28.942Z,5.4,23.8578,90.5404,27.0,5.3,79,30,23.8946,90.3973,0,0.099,Г…ВўungГ„В«,266.9435608,"2025-11-21 | 14 km ESE of Tungi, Bangladesh"
13,,"14 km ESE of Tungi, Bangladesh",2025-11-21T04:38:28.942Z,5.4,23.8578,90.5404,27.0,3.2,24,262,22.5555,88.4102,0,0.182,Bidhannagar,266.9435608,"2025-11-21 | 14 km ESE of Tungi, Bangladesh"
14,,"14 km ESE of Tungi, Bangladesh",2025-11-21T04:38:28.942Z,5.4,23.8578,90.5404,27.0,4.9,16,36,23.8929,90.2992,0,0.218,Г…ВўungГ„В«,266.9435608,"2025-11-21 | 14 km ESE of Tungi, Bangladesh"
15,,"14 km ESE of Tungi, Bangladesh",2025-11-21T04:38:28.942Z,5.4,23.8578,90.5404,27.0,5.8,15,31,23.7158,90.499,0,0.224,Dacca,266.9435608,"2025-11-21 | 14 km ESE of Tungi, Bangladesh"
16,,"14 km ESE of Tungi, Bangladesh",2025-11-21T04:38:28.942Z,5.4,23.8578,90.5404,27.0,5.4,15,45,23.5369,90.6002,0,0.224,Narayanganj,266.9435608,"2025-11-21 | 14 km ESE of Tungi, Bangladesh"
17,,"14 km ESE of Tungi, Bangladesh",2025-11-21T04:38:28.942Z,5.4,23.8578,90.5404,27.0,5.7,13,37,23.6255,90.5007,0,0.236,Narayanganj,266.9435608,"2025-11-21 | 14 km ESE of Tungi, Bangladesh"
18,,"14 km ESE of Tungi, Bangladesh",2025-11-21T04:38:28.942Z,5.4,23.8578,90.5404,27.0,5.4,12,36,23.8027,90.3011,0,0.242,Dacca,266.9435608,"2025-11-21 | 14 km ESE of Tungi, Bangladesh"
19,,"14 km ESE of Tungi, Bangladesh",2025-11-21T04:38:28.942Z,5.4,23.8578,90.5404,27.0,6.0,9,31,23.8993,90.6917,0,0.262,Narsingdi,266.9435608,"2025-11-21 | 14 km ESE of Tungi, Bangladesh"
20,,"14 km ESE of Tungi, Bangladesh",2025-11-21T04:38:28.942Z,5.4,23.8578,90.5404,27.0,5.6,8,27,23.806,90.4972,0,0.269,Gajipur,266.9435608,"2025-11-21 | 14 km ESE of Tungi, Bangladesh"
21,,"14 km ESE of Tungi, Bangladesh",2025-11-21T04:38:28.942Z,5.4,23.8578,90.5404,27.0,4.7,8,39,23.7125,90.303,0,0.269,Dacca,266.9435608,"2025-11-21 | 14 km ESE of Tungi, Bangladesh"
22,,"14 km ESE of Tungi, Bangladesh",2025-11-21T04:38:28.942Z,5.4,23.8578,90.5404,27.0,4.9,7,84,23.4545,91.1889,0,0.277,Comilla,266.9435608,"2025-11-21 | 14 km ESE of Tungi, Bangladesh"
23,,"14 km ESE of Tungi, Bangladesh",2025-11-21T04:38:28.942Z,5.4,23.8578,90.5404,27.0,3.2,7,204,24.3595,88.6267,0,0.277,Rajshahi,266.9435608,"2025-11-21 | 14 km ESE of Tungi, Bangladesh"
24,,"14 km ESE of Tungi, Bangladesh",2025-11-21T04:38:28.942Z,5.4,23.8578,90.5404,27.0,3.9,6,154,22.8117,89.5816,0,0.285,Khulna,266.9435608,"2025-11-21 | 14 km ESE of Tungi, Bangladesh"
25,,"14 km ESE of Tungi, Bangladesh",2025-11-21T04:38:28.942Z,5.4,23.8578,90.5404,27.0,2.9,5,209,22.3764,91.7859,0,0.293,Chattagam,266.9435608,"2025-11-21 | 14 km ESE of Tungi, Bangladesh"
26,,"14 km ESE of Tungi, Bangladesh",2025-11-21T04:38:28.942Z,5.4,23.8578,90.5404,27.0,2.4,5,257,22.6458,88.4111,0,0.293,Baranagar,266.9435608,"2025-11-21 | 14 km ESE of Tungi, Bangladesh"
27,,"14 km ESE of Tungi, Bangladesh",2025-11-21T04:38:28.942Z,5.4,23.8578,90.5404,27.0,5.7,4,33,23.9849,90.3955,0,0.302,Г…ВўungГ„В«,266.9435608,"2025-11-21 | 14 km ESE of Tungi, Bangladesh"
28,,"14 km ESE of Tungi, Bangladesh",2025-11-21T04:38:28.942Z,5.4,23.8578,90.5404,27.0,5.6,4,33,23.9849,90.3955,0,0.302,Г…ВўungГ„В«,266.9435608,"2025-11-21 | 14 km ESE of Tungi, Bangladesh"
29,,"14 km ESE of Tungi, Bangladesh",2025-11-21T04:38:28.942Z,5.4,23.8578,90.5404,27.0,5.5,4,39,23.9832,90.2973,0,0.302,Г…ВўungГ„В«,266.9435608,"2025-11-21 | 14 km ESE of Tungi, Bangladesh"
30,,"14 km ESE of Tungi, Bangladesh",2025-11-21T04:38:28.942Z,5.4,23.8578,90.5404,27.0,5.4,4,28,23.8076,90.5953,0,0.302,Gajipur,266.9435608,"2025-11-21 | 14 km ESE of Tungi, Bangladesh"
31,,"14 km ESE of Tungi, Bangladesh",2025-11-21T04:38:28.942Z,5.4,23.8578,90.5404,27.0,5.0,4,108,24.7968,90.3788,0,0.302,Maimansingh,266.9435608,"2025-11-21 | 14 km ESE of Tungi, Bangladesh"
32,,"14 km ESE of Tungi, Bangladesh",2025-11-21T04:38:28.942Z,5.4,23.8578,90.5404,27.0,4.3,4,69,23.4521,90.9932,0,0.302,Comilla,266.9435608,"2025-11-21 | 14 km ESE of Tungi, Bangladesh"
33,,"14 km ESE of Tungi, Bangladesh",2025-11-21T04:38:28.942Z,5.4,23.8578,90.5404,27.0,4.1,4,156,24.8002,89.4236,0,0.302,Bogora,266.9435608,"2025-11-21 | 14 km ESE of Tungi, Bangladesh"
34,,"14 km ESE of Tungi, Bangladesh",2025-11-21T04:38:28.942Z,5.4,23.8578,90.5404,27.0,3.9,4,84,23.6205,89.7932,0,0.302,FarГ„В«dpГ…В«r,266.9435608,"2025-11-21 | 14 km ESE of Tungi, Bangladesh"
35,,"14 km ESE of Tungi, Bangladesh",2025-11-21T04:38:28.942Z,5.4,23.8578,90.5404,27.0,3.6,4,130,22.7199,90.3228,0,0.302,Barisal,266.9435608,"2025-11-21 | 14 km ESE of Tungi, Bangladesh"
36,,"14 km ESE of Tungi, Bangladesh",2025-11-21T04:38:28.942Z,5.4,23.8578,90.5404,27.0,3.4,4,213,24.3605,88.5281,0,0.302,Rajshahi,266.9435608,"2025-11-21 | 14 km ESE of Tungi, Bangladesh"
37,,"14 km ESE of Tungi, Bangladesh",2025-11-21T04:38:28.942Z,5.4,23.8578,90.5404,27.0,3.1,4,271,22.5564,88.313,0,0.302,Haora,266.9435608,"2025-11-21 | 14 km ESE of Tungi, Bangladesh"
38,,"14 km ESE of Tungi, Bangladesh",2025-11-21T04:38:28.942Z,5.4,23.8578,90.5404,27.0,5.4,3,31,23.9881,90.5919,0,0.311,Narsingdi,266.9435608,"2025-11-21 | 14 km ESE of Tungi, Bangladesh"
39,,"14 km ESE of Tungi, Bangladesh",2025-11-21T04:38:28.942Z,5.4,23.8578,90.5404,27.0,4.4,3,54,23.4434,90.4062,0,0.311,Munshiganj,266.9435608,"2025-11-21 | 14 km ESE of Tungi, Bangladesh"
40,,"14 km ESE of Tungi, Bangladesh",2025-11-21T04:38:28.942Z,5.4,23.8578,90.5404,27.0,3.8,3,99,24.7066,90.3807,0,0.311,Maimansingh,266.9435608,"2025-11-21 | 14 km ESE of Tungi, Bangladesh"
41,,"14 km ESE of Tungi, Bangladesh",2025-11-21T04:38:28.942Z,5.4,23.8578,90.5404,27.0,5.6,2,37,23.6271,90.5985,0,0.32,Narayanganj,266.9435608,"2025-11-21 | 14 km ESE of Tungi, Bangladesh"
42,,"14 km ESE of Tungi, Bangladesh",2025-11-21T04:38:28.942Z,5.4,23.8578,90.5404,27.0,5.4,2,47,23.5337,90.4044,0,0.32,Munshiganj,266.9435608,"2025-11-21 | 14 km ESE of Tungi, Bangladesh"
43,,"14 km ESE of Tungi, Bangladesh",2025-11-21T04:38:28.942Z,5.4,23.8578,90.5404,27.0,4.8,2,80,23.8167,91.282,0,0.32,Agartala,266.9435608,"2025-11-21 | 14 km ESE of Tungi, Bangladesh"
44,,"14 km ESE of Tungi, Bangladesh",2025-11-21T04:38:28.942Z,5.4,23.8578,90.5404,27.0,4.8,2,44,23.801,90.203,0,0.32,Dhamrai,266.9435608,"2025-11-21 | 14 km ESE of Tungi, Bangladesh"
45,,"14 km ESE of Tungi, Bangladesh",2025-11-21T04:38:28.942Z,5.4,23.8578,90.5404,27.0,4.8,2,50,24.0716,90.1971,0,0.32,Mirzapur,266.9435608,"2025-11-21 | 14 km ESE of Tungi, Bangladesh"
46,,"14 km ESE of Tungi, Bangladesh",2025-11-21T04:38:28.942Z,5.4,23.8578,90.5404,27.0,4.3,2,122,22.9117,91.0987,0,0.32,Kabirhat,266.9435608,"2025-11-21 | 14 km ESE of Tungi, Bangladesh"
47,,"14 km ESE of Tungi, Bangladesh",2025-11-21T04:38:28.942Z,5.4,23.8578,90.5404,27.0,4.2,2,244,25.7056,89.2424,0,0.32,RangpГ…В«r,266.9435608,"2025-11-21 | 14 km ESE of Tungi, Bangladesh"
48,,"14 km ESE of Tungi, Bangladesh",2025-11-21T04:38:28.942Z,5.4,23.8578,90.5404,27.0,4.2,2,31,23.809,90.6934,0,0.32,Gajipur,266.9435608,"2025-11-21 | 14 km ESE of Tungi, Bangladesh"
49,,"14 km ESE of Tungi, Bangladesh",2025-11-21T04:38:28.942Z,5.4,23.8578,90.5404,27.0,3.6,2,217,22.2861,91.7867,0,0.32,Chattagam,266.9435608,"2025-11-21 | 14 km ESE of Tungi, Bangladesh"
50,,"14 km ESE of Tungi, Bangladesh",2025-11-21T04:38:28.942Z,5.4,23.8578,90.5404,27.0,3.6,2,380,26.7087,88.4577,0,0.32,ShilГ„В«guri,266.9435608,"2025-11-21 | 14 km ESE of Tungi, Bangladesh"
51,,"14 km ESE of Tungi, Bangladesh",2025-11-21T04:38:28.942Z,5.4,23.8578,90.5404,27.0,3.4,2,233,25.7892,89.6427,0,0.32,Kurigram,266.9435608,"2025-11-21 | 14 km ESE of Tungi, Bangladesh"
52,,"14 km ESE of Tungi, Bangladesh",2025-11-21T04:38:28.942Z,5.4,23.8578,90.5404,27.0,3.3,2,80,23.907,91.2809,0,0.32,Agartala,266.9435608,"2025-11-21 | 14 km ESE of Tungi, Bangladesh"
53,,"14 km ESE of Tungi, Bangladesh",2025-11-21T04:38:28.942Z,5.4,23.8578,90.5404,27.0,3.3,2,304,21.4744,91.9865,0,0.32,Co'xs Bazar,266.9435608,"2025-11-21 | 14 km ESE of Tungi, Bangladesh"
54,,"14 km ESE of Tungi, Bangladesh",2025-11-21T04:38:28.942Z,5.4,23.8578,90.5404,27.0,3.3,2,280,26.1681,91.6492,0,0.32,North Guwahati,266.9435608,"2025-11-21 | 14 km ESE of Tungi, Bangladesh"
55,,"14 km ESE of Tungi, Bangladesh",2025-11-21T04:38:28.942Z,5.4,23.8578,90.5404,27.0,3.1,2,179,24.9058,91.8613,0,0.32,SilhaГ…ВЈ,266.9435608,"2025-11-21 | 14 km ESE of Tungi, Bangladesh"
56,,"14 km ESE of Tungi, Bangladesh",2025-11-21T04:38:28.942Z,5.4,23.8578,90.5404,27.0,3.1,2,265,22.6467,88.3139,0,0.32,Chakpara,266.9435608,"2025-11-21 | 14 km ESE of Tungi, Bangladesh"
57,,"14 km ESE of Tungi, Bangladesh",2025-11-21T04:38:28.942Z,5.4,23.8578,90.5404,27.0,2.8,2,247,22.8264,88.413,0,0.32,Bhadreswar,266.9435608,"2025-11-21 | 14 km ESE of Tungi, Bangladesh"
58,,"14 km ESE of Tungi, Bangladesh",2025-11-21T04:38:28.942Z,5.4,23.8578,90.5404,27.0,2.0,2,284,26.169,91.7493,0,0.32,North Guwahati,266.9435608,"2025-11-21 | 14 km ESE of Tungi, Bangladesh"
59,,"14 km ESE of Tungi, Bangladesh",2025-11-21T04:38:28.942Z,5.4,23.8578,90.5404,27.0,6.1,1,34,23.9896,90.6902,0,0.33,Narsingdi,266.9435608,"2025-11-21 | 14 km ESE of Tungi, Bangladesh"
60,,"14 km ESE of Tungi, Bangladesh",2025-11-21T04:38:28.942Z,5.4,23.8578,90.5404,27.0,5.8,1,36,24.0767,90.492,0,0.33,Г…ВўungГ„В«,266.9435608,"2025-11-21 | 14 km ESE of Tungi, Bangladesh"
61,,"14 km ESE of Tungi, Bangladesh",2025-11-21T04:38:28.942Z,5.4,23.8578,90.5404,27.0,5.8,1,34,23.9896,90.6902,0,0.33,Narsingdi,266.9435608,"2025-11-21 | 14 km ESE of Tungi, Bangladesh"
62,,"14 km ESE of Tungi, Bangladesh",2025-11-21T04:38:28.942Z,5.4,23.8578,90.5404,27.0,5.7,1,46,24.1654,90.3919,0,0.33,Bhaluka,266.9435608,"2025-11-21 | 14 km ESE of Tungi, Bangladesh"
63,,"14 km ESE of Tungi, Bangladesh",2025-11-21T04:38:28.942Z,5.4,23.8578,90.5404,27.0,5.6,1,30,23.9865,90.4937,0,0.33,Г…ВўungГ„В«,266.9435608,"2025-11-21 | 14 km ESE of Tungi, Bangladesh"
64,,"14 km ESE of Tungi, Bangladesh",2025-11-21T04:38:28.942Z,5.4,23.8578,90.5404,27.0,5.5,1,44,23.5353,90.5024,0,0.33,Narayanganj,266.9435608,"2025-11-21 | 14 km ESE of Tungi, Bangladesh"
65,,"14 km ESE of Tungi, Bangladesh",2025-11-21T04:38:28.942Z,5.4,23.8578,90.5404,27.0,5.5,1,27,23.8978,90.5936,0,0.33,Gajipur,266.9435608,"2025-11-21 | 14 km ESE of Tungi, Bangladesh"
66,,"14 km ESE of Tungi, Bangladesh",2025-11-21T04:38:28.942Z,5.4,23.8578,90.5404,27.0,5.4,1,72,23.9962,91.1814,0,0.33,Brahman Bariya,266.9435608,"2025-11-21 | 14 km ESE of Tungi, Bangladesh"
67,,"14 km ESE of Tungi, Bangladesh",2025-11-21T04:38:28.942Z,5.4,23.8578,90.5404,27.0,5.3,1,51,23.6314,90.8924,0,0.33,Gajipur,266.9435608,"2025-11-21 | 14 km ESE of Tungi, Bangladesh"
68,,"14 km ESE of Tungi, Bangladesh",2025-11-21T04:38:28.942Z,5.4,23.8578,90.5404,27.0,4.9,1,131,22.8214,91.1,0,0.33,Kabirhat,266.9435608,"2025-11-21 | 14 km ESE of Tungi, Bangladesh"
69,,"14 km ESE of Tungi, Bangladesh",2025-11-21T04:38:28.942Z,5.4,23.8578,90.5404,27.0,4.9,1,39,23.9911,90.7883,0,0.33,Roypura,266.9435608,"2025-11-21 | 14 km ESE of Tungi, Bangladesh"
70,,"14 km ESE of Tungi, Bangladesh",2025-11-21T04:38:28.942Z,5.4,23.8578,90.5404,27.0,4.8,1,138,23.8105,89.2086,0,0.33,Kushtia,266.9435608,"2025-11-21 | 14 km ESE of Tungi, Bangladesh"
71,,"14 km ESE of Tungi, Bangladesh",2025-11-21T04:38:28.942Z,5.4,23.8578,90.5404,27.0,4.8,1,44,24.1685,90.5885,0,0.33,Gafargaon,266.9435608,"2025-11-21 | 14 km ESE of Tungi, Bangladesh"
72,,"14 km ESE of Tungi, Bangladesh",2025-11-21T04:38:28.942Z,5.4,23.8578,90.5404,27.0,4.8,1,126,22.989,89.7801,0,0.33,Gopalganj,266.9435608,"2025-11-21 | 14 km ESE of Tungi, Bangladesh"
73,,"14 km ESE of Tungi, Bangladesh",2025-11-21T04:38:28.942Z,5.4,23.8578,90.5404,27.0,4.8,1,58,24.084,90.9835,0,0.33,Bhairab,266.9435608,"2025-11-21 | 14 km ESE of Tungi, Bangladesh"
74,,"14 km ESE of Tungi, Bangladesh",2025-11-21T04:38:28.942Z,5.4,23.8578,90.5404,27.0,4.6,1,44,23.8912,90.2011,0,0.33,Dhamrai,266.9435608,"2025-11-21 | 14 km ESE of Tungi, Bangladesh"
75,,"14 km ESE of Tungi, Bangladesh",2025-11-21T04:38:28.942Z,5.4,23.8578,90.5404,27.0,4.6,1,43,24.0734,90.2954,0,0.33,Dhamrai,266.9435608,"2025-11-21 | 14 km ESE of Tungi, Bangladesh"
76,,"14 km ESE of Tungi, Bangladesh",2025-11-21T04:38:28.942Z,5.4,23.8578,90.5404,27.0,4.3,1,54,23.9937,90.9849,0,0.33,Bhairab,266.9435608,"2025-11-21 | 14 km ESE of Tungi, Bangladesh"
77,,"14 km ESE of Tungi, Bangladesh",2025-11-21T04:38:28.942Z,5.4,23.8578,90.5404,27.0,4.3,1,96,23.0898,90.901,0,0.33,Ramganj,266.9435608,"2025-11-21 | 14 km ESE of Tungi, Bangladesh"
78,,"14 km ESE of Tungi, Bangladesh",2025-11-21T04:38:28.942Z,5.4,23.8578,90.5404,27.0,4.3,1,161,24.1743,89.018,0,0.33,Ishurdi,266.9435608,"2025-11-21 | 14 km ESE of Tungi, Bangladesh"
79,,"14 km ESE of Tungi, Bangladesh",2025-11-21T04:38:28.942Z,5.4,23.8578,90.5404,27.0,4.3,1,147,25.06,89.977,0,0.33,SherpГ…В«r,266.9435608,"2025-11-21 | 14 km ESE of Tungi, Bangladesh"
80,,"14 km ESE of Tungi, Bangladesh",2025-11-21T04:38:28.942Z,5.4,23.8578,90.5404,27.0,4.1,1,71,23.5436,91.0897,0,0.33,Comilla,266.9435608,"2025-11-21 | 14 km ESE of Tungi, Bangladesh"
81,,"14 km ESE of Tungi, Bangladesh",2025-11-21T04:38:28.942Z,5.4,23.8578,90.5404,27.0,4.1,1,153,22.9036,89.486,0,0.33,Khulna,266.9435608,"2025-11-21 | 14 km ESE of Tungi, Bangladesh"
82,,"14 km ESE of Tungi, Bangladesh",2025-11-21T04:38:28.942Z,5.4,23.8578,90.5404,27.0,4.1,1,252,25.7959,89.2441,0,0.33,RangpГ…В«r,266.9435608,"2025-11-21 | 14 km ESE of Tungi, Bangladesh"
83,,"14 km ESE of Tungi, Bangladesh",2025-11-21T04:38:28.942Z,5.4,23.8578,90.5404,27.0,4.1,1,39,23.624,90.4027,0,0.33,Dacca,266.9435608,"2025-11-21 | 14 km ESE of Tungi, Bangladesh"
84,,"14 km ESE of Tungi, Bangladesh",2025-11-21T04:38:28.942Z,5.4,23.8578,90.5404,27.0,4.1,1,79,23.5448,91.1877,0,0.33,Comilla,266.9435608,"2025-11-21 | 14 km ESE of Tungi, Bangladesh"
85,,"14 km ESE of Tungi, Bangladesh",2025-11-21T04:38:28.942Z,5.4,23.8578,90.5404,27.0,4.1,1,63,24.1743,90.9821,0,0.33,Bajitpur,266.9435608,"2025-11-21 | 14 km ESE of Tungi, Bangladesh"
86,,"14 km ESE of Tungi, Bangladesh",2025-11-21T04:38:28.942Z,5.4,23.8578,90.5404,27.0,4.1,1,102,22.9982,90.8049,0,0.33,LakshmГ„В«pГ…В«r,266.9435608,"2025-11-21 | 14 km ESE of Tungi, Bangladesh"
87,,"14 km ESE of Tungi, Bangladesh",2025-11-21T04:38:28.942Z,5.4,23.8578,90.5404,27.0,4.1,1,135,22.7165,90.1283,0,0.33,Jhalakati,266.9435608,"2025-11-21 | 14 km ESE of Tungi, Bangladesh"
88,,"14 km ESE of Tungi, Bangladesh",2025-11-21T04:38:28.942Z,5.4,23.8578,90.5404,27.0,4.1,1,89,23.0855,90.6083,0,0.33,Chandipur,266.9435608,"2025-11-21 | 14 km ESE of Tungi, Bangladesh"
89,,"14 km ESE of Tungi, Bangladesh",2025-11-21T04:38:28.942Z,5.4,23.8578,90.5404,27.0,4.1,1,84,23.2715,90.9959,0,0.33,Laksam,266.9435608,"2025-11-21 | 14 km ESE of Tungi, Bangladesh"
90,,"14 km ESE of Tungi, Bangladesh",2025-11-21T04:38:28.942Z,5.4,23.8578,90.5404,27.0,4.1,1,123,23.0954,91.3889,0,0.33,FenГ„В«,266.9435608,"2025-11-21 | 14 km ESE of Tungi, Bangladesh"
91,,"14 km ESE of Tungi, Bangladesh",2025-11-21T04:38:28.942Z,5.4,23.8578,90.5404,27.0,3.8,1,109,24.4342,89.7123,0,0.33,Serajgonj,266.9435608,"2025-11-21 | 14 km ESE of Tungi, Bangladesh"
92,,"14 km ESE of Tungi, Bangladesh",2025-11-21T04:38:28.942Z,5.4,23.8578,90.5404,27.0,3.8,1,151,22.6245,89.9671,0,0.33,PirojpГ…В«r,266.9435608,"2025-11-21 | 14 km ESE of Tungi, Bangladesh"
93,,"14 km ESE of Tungi, Bangladesh",2025-11-21T04:38:28.942Z,5.4,23.8578,90.5404,27.0,3.8,1,167,23.8145,88.9143,0,0.33,Alamdanga,266.9435608,"2025-11-21 | 14 km ESE of Tungi, Bangladesh"
94,,"14 km ESE of Tungi, Bangladesh",2025-11-21T04:38:28.942Z,5.4,23.8578,90.5404,27.0,3.8,1,276,22.466,88.3122,0,0.33,Rajarhat Gopalpur,266.9435608,"2025-11-21 | 14 km ESE of Tungi, Bangladesh"
95,,"14 km ESE of Tungi, Bangladesh",2025-11-21T04:38:28.942Z,5.4,23.8578,90.5404,27.0,3.8,1,108,23.8963,89.5045,0,0.33,Pangsha,266.9435608,"2025-11-21 | 14 km ESE of Tungi, Bangladesh"
96,,"14 km ESE of Tungi, Bangladesh",2025-11-21T04:38:28.942Z,5.4,23.8578,90.5404,27.0,3.8,1,163,24.8017,89.3247,0,0.33,Bogora,266.9435608,"2025-11-21 | 14 km ESE of Tungi, Bangladesh"
97,,"14 km ESE of Tungi, Bangladesh",2025-11-21T04:38:28.942Z,5.4,23.8578,90.5404,27.0,3.8,1,187,25.5168,90.2639,0,0.33,Tura,266.9435608,"2025-11-21 | 14 km ESE of Tungi, Bangladesh"
98,,"14 km ESE of Tungi, Bangladesh",2025-11-21T04:38:28.942Z,5.4,23.8578,90.5404,27.0,3.8,1,118,23.8075,89.4048,0,0.33,Pangsha,266.9435608,"2025-11-21 | 14 km ESE of Tungi, Bangladesh"
99,,"14 km ESE of Tungi, Bangladesh",2025-11-21T04:38:28.942Z,5.4,23.8578,90.5404,27.0,3.4,1,346,26.5248,88.7563,0,0.33,Jalpaiguri,266.9435608,"2025-11-21 | 14 km ESE of Tungi, Bangladesh"
100,,"14 km ESE of Tungi, Bangladesh",2025-11-21T04:38:28.942Z,5.4,23.8578,90.5404,27.0,3.4,1,238,24.0923,88.2298,0,0.33,Baharampur,266.9435608,"2025-11-21 | 14 km ESE of Tungi, Bangladesh"
101,,"14 km ESE of Tungi, Bangladesh",2025-11-21T04:38:28.942Z,5.4,23.8578,90.5404,27.0,3.4,1,69,24.3422,90.1912,0,0.33,Sakhipur,266.9435608,"2025-11-21 | 14 km ESE of Tungi, Bangladesh"
102,,"14 km ESE of Tungi, Bangladesh",2025-11-21T04:38:28.942Z,5.4,23.8578,90.5404,27.0,3.4,1,171,24.9945,91.6624,0,0.33,Chatak,266.9435608,"2025-11-21 | 14 km ESE of Tungi, Bangladesh"
103,,"14 km ESE of Tungi, Bangladesh",2025-11-21T04:38:28.942Z,5.4,23.8578,90.5404,27.0,3.4,1,201,22.4667,91.7851,0,0.33,Raojan,266.9435608,"2025-11-21 | 14 km ESE of Tungi, Bangladesh"
104,,"14 km ESE of Tungi, Bangladesh",2025-11-21T04:38:28.942Z,5.4,23.8578,90.5404,27.0,3.1,1,76,23.4534,91.091,0,0.33,Comilla,266.9435608,"2025-11-21 | 14 km ESE of Tungi, Bangladesh"
105,,"14 km ESE of Tungi, Bangladesh",2025-11-21T04:38:28.942Z,5.4,23.8578,90.5404,27.0,3.1,1,324,22.1068,88.018,0,0.33,Monoharpur,266.9435608,"2025-11-21 | 14 km ESE of Tungi, Bangladesh"
106,,"14 km ESE of Tungi, Bangladesh",2025-11-21T04:38:28.942Z,5.4,23.8578,90.5404,27.0,3.1,1,399,27.3262,89.4761,0,0.33,Bondey,266.9435608,"2025-11-21 | 14 km ESE of Tungi, Bangladesh"
107,,"14 km ESE of Tungi, Bangladesh",2025-11-21T04:38:28.942Z,5.4,23.8578,90.5404,27.0,3.1,1,148,23.9021,89.112,0,0.33,Kushtia,266.9435608,"2025-11-21 | 14 km ESE of Tungi, Bangladesh"
108,,"14 km ESE of Tungi, Bangladesh",2025-11-21T04:38:28.942Z,5.4,23.8578,90.5404,27.0,3.1,1,62,23.9777,90.0027,0,0.33,Mirzapur,266.9435608,"2025-11-21 | 14 km ESE of Tungi, Bangladesh"
109,,"14 km ESE of Tungi, Bangladesh",2025-11-21T04:38:28.942Z,5.4,23.8578,90.5404,27.0,3.1,1,328,23.555,87.343,0,0.33,Durgapur,266.9435608,"2025-11-21 | 14 km ESE of Tungi, Bangladesh"
110,,"14 km ESE of Tungi, Bangladesh",2025-11-21T04:38:28.942Z,5.4,23.8578,90.5404,27.0,3.1,1,254,22.5546,88.5075,0,0.33,Bidhannagar,266.9435608,"2025-11-21 | 14 km ESE of Tungi, Bangladesh"
111,,"14 km ESE of Tungi, Bangladesh",2025-11-21T04:38:28.942Z,5.4,23.8578,90.5404,27.0,2.7,1,268,22.4652,88.4093,0,0.33,Chakdaha,266.9435608,"2025-11-21 | 14 km ESE of Tungi, Bangladesh"
112,,"14 km ESE of Tungi, Bangladesh",2025-11-21T04:38:28.942Z,5.4,23.8578,90.5404,27.0,2.7,1,234,23.3692,88.3209,0,0.33,NavadwГ„В«p,266.9435608,"2025-11-21 | 14 km ESE of Tungi, Bangladesh"
113,,"14 km ESE of Tungi, Bangladesh",2025-11-21T04:38:28.942Z,5.4,23.8578,90.5404,27.0,2.7,1,231,22.1965,91.8844,0,0.33,Chattagam,266.9435608,"2025-11-21 | 14 km ESE of Tungi, Bangladesh"
114,,"14 km ESE of Tungi, Bangladesh",2025-11-21T04:38:28.942Z,5.4,23.8578,90.5404,27.0,2.7,1,297,25.6264,88.3447,0,0.33,Kaliaganj,266.9435608,"2025-11-21 | 14 km ESE of Tungi, Bangladesh"
115,,"14 km ESE of Tungi, Bangladesh",2025-11-21T04:38:28.942Z,5.4,23.8578,90.5404,27.0,2.0,1,138,23.991,89.2116,0,0.33,Pabna,266.9435608,"2025-11-21 | 14 km ESE of Tungi, Bangladesh"
116,,"14 km ESE of Tungi, Bangladesh",2025-11-21T04:38:28.942Z,5.4,23.8578,90.5404,27.0,2.0,1,112,24.3458,89.6119,0,0.33,Shahzadpur,266.9435608,"2025-11-21 | 14 km ESE of Tungi, Bangladesh"
117,,"14 km ESE of Tungi, Bangladesh",2025-11-21T04:38:28.942Z,5.4,23.8578,90.5404,27.0,2.0,1,195,22.7286,89.0934,0,0.33,Satkhira,266.9435608,"2025-11-21 | 14 km ESE of Tungi, Bangladesh"
118,,"18 km W of B?nkura, India",2019-07-28T21:25:03.314Z,4.7,23.2123,86.8925,10.0,3.2,12,60,23.555,87.343,0,0.242,Ondal,164.8746675,"2019-07-28 | 18 km W of B?nkura, India"
119,,"18 km W of B?nkura, India",2019-07-28T21:25:03.314Z,4.7,23.2123,86.8925,10.0,3.3,9,49,23.6456,86.951,0,0.262,Asansol,164.8746675,"2019-07-28 | 18 km W of B?nkura, India"
120,,"18 km W of B?nkura, India",2019-07-28T21:25:03.314Z,4.7,23.2123,86.8925,10.0,3.2,9,53,23.5552,87.245,0,0.262,Durgapur,164.8746675,"2019-07-28 | 18 km W of B?nkura, India"
121,,"18 km W of B?nkura, India",2019-07-28T21:25:03.314Z,4.7,23.2123,86.8925,10.0,3.0,6,54,23.4646,87.3427,0,0.285,Durgapur,164.8746675,"2019-07-28 | 18 km W of B?nkura, India"
122,,"18 km W of B?nkura, India",2019-07-28T21:25:03.314Z,4.7,23.2123,86.8925,10.0,3.0,4,59,23.736,86.951,0,0.302,Kulti,164.8746675,"2019-07-28 | 18 km W of B?nkura, India"
123,,"18 km W of B?nkura, India",2019-07-28T21:25:03.314Z,4.7,23.2123,86.8925,10.0,3.4,3,20,23.2843,87.0489,0,0.311,Bankura,164.8746675,"2019-07-28 | 18 km W of B?nkura, India"
124,,"18 km W of B?nkura, India",2019-07-28T21:25:03.314Z,4.7,23.2123,86.8925,10.0,3.4,3,39,23.465,87.1469,0,0.311,Beliatore,164.8746675,"2019-07-28 | 18 km W of B?nkura, India"
125,,"18 km W of B?nkura, India",2019-07-28T21:25:03.314Z,4.7,23.2123,86.8925,10.0,3.0,3,48,23.1033,87.3418,0,0.311,Bishnupur (Bishapur),164.8746675,"2019-07-28 | 18 km W of B?nkura, India"
126,,"18 km W of B?nkura, India",2019-07-28T21:25:03.314Z,4.7,23.2123,86.8925,10.0,1.0,2,88,23.6435,86.1667,0,0.32,Chas,164.8746675,"2019-07-28 | 18 km W of B?nkura, India"
127,,"18 km W of B?nkura, India",2019-07-28T21:25:03.314Z,4.7,23.2123,86.8925,10.0,2.0,2,57,23.3734,86.364,0,0.32,Puruliya,164.8746675,"2019-07-28 | 18 km W of B?nkura, India"
128,,"18 km W of B?nkura, India",2019-07-28T21:25:03.314Z,4.7,23.2123,86.8925,10.0,2.7,2,38,23.4646,86.6573,0,0.32,Г„ВЂdra,164.8746675,"2019-07-28 | 18 km W of B?nkura, India"
129,,"18 km W of B?nkura, India",2019-07-28T21:25:03.314Z,4.7,23.2123,86.8925,10.0,3.9,2,18,23.1941,87.0489,0,0.32,Bankura,164.8746675,"2019-07-28 | 18 km W of B?nkura, India"
130,,"18 km W of B?nkura, India",2019-07-28T21:25:03.314Z,4.7,23.2123,86.8925,10.0,2.0,2,60,23.6455,87.2451,0,0.32,Ondal,164.8746675,"2019-07-28 | 18 km W of B?nkura, India"
131,,"18 km W of B?nkura, India",2019-07-28T21:25:03.314Z,4.7,23.2123,86.8925,10.0,2.7,1,91,22.7402,86.1722,0,0.33,Jamshedpur,164.8746675,"2019-07-28 | 18 km W of B?nkura, India"
132,,"18 km W of B?nkura, India",2019-07-28T21:25:03.314Z,4.7,23.2123,86.8925,10.0,2.9,1,85,22.8306,86.1716,0,0.33,Jugsalai,164.8746675,"2019-07-28 | 18 km W of B?nkura, India"
133,,"18 km W of B?nkura, India",2019-07-28T21:25:03.314Z,4.7,23.2123,86.8925,10.0,2.0,1,60,23.7358,86.7547,0,0.33,Mugma,164.8746675,"2019-07-28 | 18 km W of B?nkura, India"
134,,"18 km W of B?nkura, India",2019-07-28T21:25:03.314Z,4.7,23.2123,86.8925,10.0,2.2,1,68,23.8263,86.8528,0,0.33,Chittaranjan,164.8746675,"2019-07-28 | 18 km W of B?nkura, India"
135,,"18 km W of B?nkura, India",2019-07-28T21:25:03.314Z,4.7,23.2123,86.8925,10.0,3.4,1,68,23.8263,86.9509,0,0.33,Chittaranjan,164.8746675,"2019-07-28 | 18 km W of B?nkura, India"
136,,"18 km W of B?nkura, India",2019-07-28T21:25:03.314Z,4.7,23.2123,86.8925,10.0,6.6,1,60,23.7359,87.0491,0,0.33,Jamuna,164.8746675,"2019-07-28 | 18 km W of B?nkura, India"
137,,"18 km W of B?nkura, India",2019-07-28T21:25:03.314Z,4.7,23.2123,86.8925,10.0,3.1,1,33,23.3746,87.1468,0,0.33,Beliatore,164.8746675,"2019-07-28 | 18 km W of B?nkura, India"
138,,"18 km W of B?nkura, India",2019-07-28T21:25:03.314Z,4.7,23.2123,86.8925,10.0,4.3,1,47,23.5553,87.147,0,0.33,Raniganj,164.8746675,"2019-07-28 | 18 km W of B?nkura, India"
139,,"18 km W of B?nkura, India",2019-07-28T21:25:03.314Z,4.7,23.2123,86.8925,10.0,4.1,1,55,23.6456,87.1471,0,0.33,Raniganj,164.8746675,"2019-07-28 | 18 km W of B?nkura, India"
140,,"18 km W of B?nkura, India",2019-07-28T21:25:03.314Z,4.7,23.2123,86.8925,10.0,1.0,1,103,22.3806,87.34,0,0.33,Kharagpur,164.8746675,"2019-07-28 | 18 km W of B?nkura, India"
141,,"18 km W of B?nkura, India",2019-07-28T21:25:03.314Z,4.7,23.2123,86.8925,10.0,2.5,1,66,23.1931,87.5375,0,0.33,Patrasair,164.8746675,"2019-07-28 | 18 km W of B?nkura, India"
142,,"18 km W of B?nkura, India",2019-07-28T21:25:03.314Z,4.7,23.2123,86.8925,10.0,3.6,1,102,23.9157,87.5404,0,0.33,Siuri,164.8746675,"2019-07-28 | 18 km W of B?nkura, India"
143,,"18 km W of B?nkura, India",2019-07-28T21:25:03.314Z,4.7,23.2123,86.8925,10.0,2.2,1,96,23.7346,87.6377,0,0.33,Bolpur,164.8746675,"2019-07-28 | 18 km W of B?nkura, India"
144,,"18 km W of B?nkura, India",2019-07-28T21:25:03.314Z,4.7,23.2123,86.8925,10.0,3.4,1,106,23.1913,87.9283,0,0.33,Barddhaman,164.8746675,"2019-07-28 | 18 km W of B?nkura, India"
145,,"18 km W of B?nkura, India",2019-07-28T21:25:03.314Z,4.7,23.2123,86.8925,10.0,2.0,1,167,22.466,88.3122,0,0.33,Chakdaha,164.8746675,"2019-07-28 | 18 km W of B?nkura, India"
146,,"18 km W of B?nkura, India",2019-07-28T21:25:03.314Z,4.7,23.2123,86.8925,10.0,2.0,1,159,22.9168,88.4139,0,0.33,Naihati,164.8746675,"2019-07-28 | 18 km W of B?nkura, India"
147,,"18 km W of B?nkura, India",2019-07-28T21:25:03.314Z,4.7,23.2123,86.8925,10.0,2.2,1,158,23.4586,88.4196,0,0.33,NavadwГ„В«p,164.8746675,"2019-07-28 | 18 km W of B?nkura, India"
148,,"18 km W of B?nkura, India",2019-07-28T21:25:03.314Z,4.7,23.2123,86.8925,10.0,2.5,1,308,25.7157,85.5547,0,0.33,Mahnar Bazar,164.8746675,"2019-07-28 | 18 km W of B?nkura, India"
149,,"18 km W of B?nkura, India",2019-07-28T21:25:03.314Z,4.7,23.2123,86.8925,10.0,2.7,1,125,24.1858,86.2615,0,0.33,Jaridih,164.8746675,"2019-07-28 | 18 km W of B?nkura, India"
150,,"18 km W of B?nkura, India",2019-07-28T21:25:03.314Z,4.7,23.2123,86.8925,10.0,4.1,1,198,25.0005,87.0496,0,0.33,Amarpur,164.8746675,"2019-07-28 | 18 km W of B?nkura, India"
151,,"18 km W of B?nkura, India",2019-07-28T21:25:03.314Z,4.7,23.2123,86.8925,10.0,2.0,1,167,24.0923,88.2298,0,0.33,Baharampur,164.8746675,"2019-07-28 | 18 km W of B?nkura, India"
152,,"22 km NNW of B?nkura, India",2020-04-08T05:53:57.175Z,4.0,23.4203,86.989,10.0,2.0,2,38,23.1036,86.8535,0,0.32,Khatra,167.8977245,"2020-04-08 | 22 km NNW of B?nkura, India"
153,,"22 km NNW of B?nkura, India",2020-04-08T05:53:57.175Z,4.0,23.4203,86.989,10.0,2.0,1,115,23.8229,85.9691,0,0.33,Bokaro Steel City,167.8977245,"2020-04-08 | 22 km NNW of B?nkura, India"
154,,"22 km NNW of B?nkura, India",2020-04-08T05:53:57.175Z,4.0,23.4203,86.989,10.0,2.0,1,66,23.3734,86.364,0,0.33,Puruliya,167.8977245,"2020-04-08 | 22 km NNW of B?nkura, India"
155,,"22 km NNW of B?nkura, India",2020-04-08T05:53:57.175Z,4.0,23.4203,86.989,10.0,2.0,1,47,23.0133,86.8537,0,0.33,Khatra,167.8977245,"2020-04-08 | 22 km NNW of B?nkura, India"
156,,"22 km NNW of B?nkura, India",2020-04-08T05:53:57.175Z,4.0,23.4203,86.989,10.0,2.0,1,17,23.2843,87.0489,0,0.33,Bankura,167.8977245,"2020-04-08 | 22 km NNW of B?nkura, India"
157,,"26 km SE of TГ„ВЃki, India",2026-02-27T07:52:24.828Z,5.3,22.4513,89.1394,9.751,4.0,40,76,22.5555,88.4102,0,0.137,South Dum Dum,83.06896998,"2026-02-27 | 26 km SE of TГ„ВЃki, India"
158,,"26 km SE of TГ„ВЃki, India",2026-02-27T07:52:24.828Z,5.3,22.4513,89.1394,9.751,3.4,24,197,23.8044,90.3991,0,0.182,Dacca,83.06896998,"2026-02-27 | 26 km SE of TГ„ВЃki, India"
159,,"26 km SE of TГ„ВЃki, India",2026-02-27T07:52:24.828Z,5.3,22.4513,89.1394,9.751,4.0,17,78,22.6458,88.4111,0,0.213,Panihati,83.06896998,"2026-02-27 | 26 km SE of TГ„ВЃki, India"
160,,"26 km SE of TГ„ВЃki, India",2026-02-27T07:52:24.828Z,5.3,22.4513,89.1394,9.751,4.2,13,86,22.5564,88.313,0,0.236,Santoshpur,83.06896998,"2026-02-27 | 26 km SE of TГ„ВЃki, India"
161,,"26 km SE of TГ„ВЃki, India",2026-02-27T07:52:24.828Z,5.3,22.4513,89.1394,9.751,3.3,13,190,23.7142,90.4009,0,0.236,Dacca,83.06896998,"2026-02-27 | 26 km SE of TГ„ВЃki, India"
162,,"26 km SE of TГ„ВЃki, India",2026-02-27T07:52:24.828Z,5.3,22.4513,89.1394,9.751,3.8,11,85,22.466,88.3122,0,0.248,Rajarhat Gopalpur,83.06896998,"2026-02-27 | 26 km SE of TГ„ВЃki, India"
163,,"26 km SE of TГ„ВЃki, India",2026-02-27T07:52:24.828Z,5.3,22.4513,89.1394,9.751,4.1,10,75,22.4652,88.4093,0,0.255,Rajpur,83.06896998,"2026-02-27 | 26 km SE of TГ„ВЃki, India"
164,,"26 km SE of TГ„ВЃki, India",2026-02-27T07:52:24.828Z,5.3,22.4513,89.1394,9.751,4.1,8,66,22.5546,88.5075,0,0.269,Bidhannagar,83.06896998,"2026-02-27 | 26 km SE of TГ„ВЃki, India"
165,,"26 km SE of TГ„ВЃki, India",2026-02-27T07:52:24.828Z,5.3,22.4513,89.1394,9.751,2.9,8,205,23.8946,90.3973,0,0.269,Г…ВўungГ„В«,83.06896998,"2026-02-27 | 26 km SE of TГ„ВЃki, India"
166,,"26 km SE of TГ„ВЃki, India",2026-02-27T07:52:24.828Z,5.3,22.4513,89.1394,9.751,4.3,6,61,22.8117,89.5816,0,0.285,Khulna,83.06896998,"2026-02-27 | 26 km SE of TГ„ВЃki, India"
167,,"26 km SE of TГ„ВЃki, India",2026-02-27T07:52:24.828Z,5.3,22.4513,89.1394,9.751,5.3,3,29,22.5505,88.8963,0,0.311,Taki,83.06896998,"2026-02-27 | 26 km SE of TГ„ВЃki, India"
168,,"26 km SE of TГ„ВЃki, India",2026-02-27T07:52:24.828Z,5.3,22.4513,89.1394,9.751,5.3,2,44,22.8201,88.9975,0,0.32,Satkhira,83.06896998,"2026-02-27 | 26 km SE of TГ„ВЃki, India"
169,,"26 km SE of TГ„ВЃki, India",2026-02-27T07:52:24.828Z,5.3,22.4513,89.1394,9.751,4.8,2,54,22.8225,88.8027,0,0.32,Gobardanga,83.06896998,"2026-02-27 | 26 km SE of TГ„ВЃki, India"
170,,"26 km SE of TГ„ВЃki, India",2026-02-27T07:52:24.828Z,5.3,22.4513,89.1394,9.751,4.5,2,81,23.1786,89.198,0,0.32,Jessor,83.06896998,"2026-02-27 | 26 km SE of TГ„ВЃki, India"
171,,"26 km SE of TГ„ВЃki, India",2026-02-27T07:52:24.828Z,5.3,22.4513,89.1394,9.751,4.3,2,105,22.4674,88.1178,0,0.32,Sahapur,83.06896998,"2026-02-27 | 26 km SE of TГ„ВЃki, India"
172,,"26 km SE of TГ„ВЃki, India",2026-02-27T07:52:24.828Z,5.3,22.4513,89.1394,9.751,4.2,2,88,22.6467,88.3139,0,0.32,Bally,83.06896998,"2026-02-27 | 26 km SE of TГ„ВЃki, India"
173,,"26 km SE of TГ„ВЃki, India",2026-02-27T07:52:24.828Z,5.3,22.4513,89.1394,9.751,4.1,2,69,22.8246,88.6078,0,0.32,Habra,83.06896998,"2026-02-27 | 26 km SE of TГ„ВЃki, India"
174,,"26 km SE of TГ„ВЃki, India",2026-02-27T07:52:24.828Z,5.3,22.4513,89.1394,9.751,4.1,2,120,23.3674,88.5165,0,0.32,Krishnanagar,83.06896998,"2026-02-27 | 26 km SE of TГ„ВЃki, India"
175,,"26 km SE of TГ„ВЃki, India",2026-02-27T07:52:24.828Z,5.3,22.4513,89.1394,9.751,4.1,2,76,22.3749,88.4084,0,0.32,Rajpur,83.06896998,"2026-02-27 | 26 km SE of TГ„ВЃki, India"
176,,"26 km SE of TГ„ВЃki, India",2026-02-27T07:52:24.828Z,5.3,22.4513,89.1394,9.751,3.4,2,72,22.7352,88.5095,0,0.32,Barasat,83.06896998,"2026-02-27 | 26 km SE of TГ„ВЃki, India"
177,,"26 km SE of TГ„ВЃki, India",2026-02-27T07:52:24.828Z,5.3,22.4513,89.1394,9.751,3.3,2,88,23.1837,88.8074,0,0.32,Bangaon,83.06896998,"2026-02-27 | 26 km SE of TГ„ВЃki, India"
178,,"26 km SE of TГ„ВЃki, India",2026-02-27T07:52:24.828Z,5.3,22.4513,89.1394,9.751,3.3,2,185,22.3806,87.34,0,0.32,Kharagpur,83.06896998,"2026-02-27 | 26 km SE of TГ„ВЃki, India"
179,,"26 km SE of TГ„ВЃki, India",2026-02-27T07:52:24.828Z,5.3,22.4513,89.1394,9.751,2.6,2,186,22.2903,87.3398,0,0.32,Kharagpur,83.06896998,"2026-02-27 | 26 km SE of TГ„ВЃki, India"
180,,"26 km SE of TГ„ВЃki, India",2026-02-27T07:52:24.828Z,5.3,22.4513,89.1394,9.751,2.0,2,91,22.9168,88.4139,0,0.32,Halisahar,83.06896998,"2026-02-27 | 26 km SE of TГ„ВЃki, India"
181,,"26 km SE of TГ„ВЃki, India",2026-02-27T07:52:24.828Z,5.3,22.4513,89.1394,9.751,2.0,2,32,22.7286,89.0934,0,0.32,Satkhira,83.06896998,"2026-02-27 | 26 km SE of TГ„ВЃki, India"
182,,"26 km SE of TГ„ВЃki, India",2026-02-27T07:52:24.828Z,5.3,22.4513,89.1394,9.751,5.5,1,33,22.6408,88.8975,0,0.33,Basirhat,83.06896998,"2026-02-27 | 26 km SE of TГ„ВЃki, India"
183,,"26 km SE of TГ„ВЃki, India",2026-02-27T07:52:24.828Z,5.3,22.4513,89.1394,9.751,5.2,1,69,22.6449,88.5084,0,0.33,Madhyamgram,83.06896998,"2026-02-27 | 26 km SE of TГ„ВЃki, India"
184,,"26 km SE of TГ„ВЃki, India",2026-02-27T07:52:24.828Z,5.3,22.4513,89.1394,9.751,5.0,1,59,22.2828,88.6016,0,0.33,Canning,83.06896998,"2026-02-27 | 26 km SE of TГ„ВЃki, India"
185,,"26 km SE of TГ„ВЃki, India",2026-02-27T07:52:24.828Z,5.3,22.4513,89.1394,9.751,5.0,1,38,22.5516,88.7991,0,0.33,Gopalpur,83.06896998,"2026-02-27 | 26 km SE of TГ„ВЃki, India"
186,,"26 km SE of TГ„ВЃki, India",2026-02-27T07:52:24.828Z,5.3,22.4513,89.1394,9.751,4.8,1,47,22.7322,88.8015,0,0.33,BadГ…В«ria,83.06896998,"2026-02-27 | 26 km SE of TГ„ВЃki, India"
187,,"26 km SE of TГ„ВЃki, India",2026-02-27T07:52:24.828Z,5.3,22.4513,89.1394,9.751,4.7,1,87,22.2854,88.3105,0,0.33,Serpur,83.06896998,"2026-02-27 | 26 km SE of TГ„ВЃki, India"
188,,"26 km SE of TГ„ВЃki, India",2026-02-27T07:52:24.828Z,5.3,22.4513,89.1394,9.751,4.6,1,89,23.0061,88.5125,0,0.33,Madanpur,83.06896998,"2026-02-27 | 26 km SE of TГ„ВЃki, India"
189,,"26 km SE of TГ„ВЃki, India",2026-02-27T07:52:24.828Z,5.3,22.4513,89.1394,9.751,4.6,1,48,22.8214,88.9,0,0.33,BadГ…В«ria,83.06896998,"2026-02-27 | 26 km SE of TГ„ВЃki, India"
190,,"26 km SE of TГ„ВЃki, India",2026-02-27T07:52:24.828Z,5.3,22.4513,89.1394,9.751,4.6,1,33,22.2796,88.8927,0,0.33,Noapara,83.06896998,"2026-02-27 | 26 km SE of TГ„ВЃki, India"
191,,"26 km SE of TГ„ВЃki, India",2026-02-27T07:52:24.828Z,5.3,22.4513,89.1394,9.751,4.3,1,62,22.9036,89.486,0,0.33,Khulna,83.06896998,"2026-02-27 | 26 km SE of TГ„ВЃki, India"
192,,"26 km SE of TГ„ВЃki, India",2026-02-27T07:52:24.828Z,5.3,22.4513,89.1394,9.751,4.3,1,97,23.007,88.4149,0,0.33,Kanchrapara,83.06896998,"2026-02-27 | 26 km SE of TГ„ВЃki, India"
193,,"26 km SE of TГ„ВЃki, India",2026-02-27T07:52:24.828Z,5.3,22.4513,89.1394,9.751,4.3,1,195,22.3808,87.2429,0,0.33,Kharagpur Railway Settlement,83.06896998,"2026-02-27 | 26 km SE of TГ„ВЃki, India"
194,,"26 km SE of TГ„ВЃki, India",2026-02-27T07:52:24.828Z,5.3,22.4513,89.1394,9.751,4.1,1,134,23.4586,88.4196,0,0.33,NavadwГ„В«p,83.06896998,"2026-02-27 | 26 km SE of TГ„ВЃki, India"
195,,"26 km SE of TГ„ВЃki, India",2026-02-27T07:52:24.828Z,5.3,22.4513,89.1394,9.751,4.1,1,226,22.2906,86.9515,0,0.33,Midnapur,83.06896998,"2026-02-27 | 26 km SE of TГ„ВЃki, India"
196,,"26 km SE of TГ„ВЃki, India",2026-02-27T07:52:24.828Z,5.3,22.4513,89.1394,9.751,4.1,1,105,23.0079,88.3173,0,0.33,Bansberia,83.06896998,"2026-02-27 | 26 km SE of TГ„ВЃki, India"
197,,"26 km SE of TГ„ВЃki, India",2026-02-27T07:52:24.828Z,5.3,22.4513,89.1394,9.751,4.1,1,191,23.8027,90.3011,0,0.33,Dacca,83.06896998,"2026-02-27 | 26 km SE of TГ„ВЃki, India"
198,,"26 km SE of TГ„ВЃki, India",2026-02-27T07:52:24.828Z,5.3,22.4513,89.1394,9.751,3.8,1,204,23.806,90.4972,0,0.33,Г…ВўungГ„В«,83.06896998,"2026-02-27 | 26 km SE of TГ„ВЃki, India"
199,,"26 km SE of TГ„ВЃki, India",2026-02-27T07:52:24.828Z,5.3,22.4513,89.1394,9.751,3.4,1,122,22.1068,88.018,0,0.33,MahГѓВ„Г‚В«shГѓВ„?dal,83.06896998,"2026-02-27 | 26 km SE of TГ„ВЃki, India"
200,,"26 km SE of TГ„ВЃki, India",2026-02-27T07:52:24.828Z,5.3,22.4513,89.1394,9.751,3.4,1,157,23.1918,87.8306,0,0.33,Barddhaman,83.06896998,"2026-02-27 | 26 km SE of TГ„ВЃki, India"
201,,"26 km SE of TГ„ВЃki, India",2026-02-27T07:52:24.828Z,5.3,22.4513,89.1394,9.751,3.4,1,95,22.4668,88.215,0,0.33,Fort Gloster,83.06896998,"2026-02-27 | 26 km SE of TГ„ВЃki, India"
202,,"26 km SE of TГ„ВЃki, India",2026-02-27T07:52:24.828Z,5.3,22.4513,89.1394,9.751,3.4,1,183,23.7125,90.303,0,0.33,Dacca,83.06896998,"2026-02-27 | 26 km SE of TГ„ВЃki, India"
203,,"26 km SE of TГ„ВЃki, India",2026-02-27T07:52:24.828Z,5.3,22.4513,89.1394,9.751,3.4,1,86,22.8264,88.413,0,0.33,Bhadreswar,83.06896998,"2026-02-27 | 26 km SE of TГ„ВЃki, India"
204,,"26 km SE of TГ„ВЃki, India",2026-02-27T07:52:24.828Z,5.3,22.4513,89.1394,9.751,3.1,1,94,22.6246,90.0329,0,0.33,PirojpГ…В«r,83.06896998,"2026-02-27 | 26 km SE of TГ„ВЃki, India"
205,,"26 km SE of TГ„ВЃki, India",2026-02-27T07:52:24.828Z,5.3,22.4513,89.1394,9.751,3.1,1,97,22.6474,88.2166,0,0.33,Bhandardaha,83.06896998,"2026-02-27 | 26 km SE of TГ„ВЃki, India"
206,,"26 km SE of TГ„ВЃki, India",2026-02-27T07:52:24.828Z,5.3,22.4513,89.1394,9.751,3.1,1,57,22.9051,89.3885,0,0.33,Khulna,83.06896998,"2026-02-27 | 26 km SE of TГ„ВЃki, India"
207,,"26 km SE of TГ„ВЃki, India",2026-02-27T07:52:24.828Z,5.3,22.4513,89.1394,9.751,2.9,1,197,23.7158,90.499,0,0.33,Dacca,83.06896998,"2026-02-27 | 26 km SE of TГ„ВЃki, India"
208,,"26 km SE of TГ„ВЃki, India",2026-02-27T07:52:24.828Z,5.3,22.4513,89.1394,9.751,2.9,1,163,23.2822,87.8312,0,0.33,Barddhaman,83.06896998,"2026-02-27 | 26 km SE of TГ„ВЃki, India"
209,,"26 km SE of TГ„ВЃki, India",2026-02-27T07:52:24.828Z,5.3,22.4513,89.1394,9.751,2.7,1,104,23.1867,88.5145,0,0.33,RГ„ВЃnГ„ВЃghГ„ВЃt,83.06896998,"2026-02-27 | 26 km SE of TГ„ВЃki, India"
210,,"26 km SE of TГ„ВЃki, India",2026-02-27T07:52:24.828Z,5.3,22.4513,89.1394,9.751,2.7,1,91,22.737,88.3147,0,0.33,Frederiksnagar,83.06896998,"2026-02-27 | 26 km SE of TГ„ВЃki, India"
211,,"26 km SE of TГ„ВЃki, India",2026-02-27T07:52:24.828Z,5.3,22.4513,89.1394,9.751,2.7,1,273,22.2861,91.7867,0,0.33,Chattagam,83.06896998,"2026-02-27 | 26 km SE of TГ„ВЃki, India"
212,,"26 km SE of TГ„ВЃki, India",2026-02-27T07:52:24.828Z,5.3,22.4513,89.1394,9.751,2.7,1,70,23.0031,88.805,0,0.33,Bangaon,83.06896998,"2026-02-27 | 26 km SE of TГ„ВЃki, India"
213,,"26 km SE of TГ„ВЃki, India",2026-02-27T07:52:24.828Z,5.3,22.4513,89.1394,9.751,2.5,1,127,22.288,87.9222,0,0.33,TamlГ…В«k,83.06896998,"2026-02-27 | 26 km SE of TГ„ВЃki, India"
214,,"26 km SE of TГ„ВЃki, India",2026-02-27T07:52:24.828Z,5.3,22.4513,89.1394,9.751,2.0,1,135,22.4692,87.8263,0,0.33,Kolaghat,83.06896998,"2026-02-27 | 26 km SE of TГ„ВЃki, India"
215,,"26 km SE of TГ„ВЃki, India",2026-02-27T07:52:24.828Z,5.3,22.4513,89.1394,9.751,2.0,1,180,24.0827,89.1149,0,0.33,Ishurdi,83.06896998,"2026-02-27 | 26 km SE of TГ„ВЃki, India"
216,,"26 km SE of TГ„ВЃki, India",2026-02-27T07:52:24.828Z,5.3,22.4513,89.1394,9.751,2.0,1,125,22.0164,88.0173,0,0.33,Haldia,83.06896998,"2026-02-27 | 26 km SE of TГ„ВЃki, India"
217,,"26 km SE of TГ„ВЃki, India",2026-02-27T07:52:24.828Z,5.3,22.4513,89.1394,9.751,2.0,1,192,23.5369,90.6002,0,0.33,UTM:(46Q 025 260 10000),83.06896998,"2026-02-27 | 26 km SE of TГ„ВЃki, India"
218,,"26 km SE of TГ„ВЃki, India",2026-02-27T07:52:24.828Z,5.3,22.4513,89.1394,9.751,2.0,1,136,23.1694,90.2163,0,0.33,Madaripur,83.06896998,"2026-02-27 | 26 km SE of TГ„ВЃki, India"
219,,"26 km SE of TГ„ВЃki, India",2026-02-27T07:52:24.828Z,5.3,22.4513,89.1394,9.751,2.0,1,128,23.4577,88.5175,0,0.33,Krishnanagar,83.06896998,"2026-02-27 | 26 km SE of TГ„ВЃki, India"
220,,"26 km SE of TГ„ВЃki, India",2026-02-27T07:52:24.828Z,5.3,22.4513,89.1394,9.751,2.0,1,66,23.002,88.9026,0,0.33,Bangaon,83.06896998,"2026-02-27 | 26 km SE of TГ„ВЃki, India"
221,,"26 km SE of TГ„ВЃki, India",2026-02-27T07:52:24.828Z,5.3,22.4513,89.1394,9.751,1.0,1,822,27.3297,95.2741,0,0.33,Dulia Gaon,83.06896998,"2026-02-27 | 26 km SE of TГ„ВЃki, India"
222,,"26 km SE of TГ„ВЃki, India",2026-02-27T07:52:24.828Z,5.3,22.4513,89.1394,9.751,1.0,1,272,22.3764,91.7859,0,0.33,Chattagam,83.06896998,"2026-02-27 | 26 km SE of TГ„ВЃki, India"
223,,"4 km NNW of Mush?bani, India",2019-07-28T21:25:03.314Z,4.5,22.5443,86.4405,10.0,3.6,11,36,22.7402,86.1722,0,0.248,Jugsalai,195.0715028,"2019-07-28 | 4 km NNW of Mush?bani, India"
224,,"4 km NNW of Mush?bani, India",2019-07-28T21:25:03.314Z,4.5,22.5443,86.4405,10.0,3.0,9,43,22.8306,86.1716,0,0.262,Jugsalai,195.0715028,"2019-07-28 | 4 km NNW of Mush?bani, India"
225,,"4 km NNW of Mush?bani, India",2019-07-28T21:25:03.314Z,4.5,22.5443,86.4405,10.0,4.2,4,92,23.3734,86.364,0,0.302,Puruliya,195.0715028,"2019-07-28 | 4 km NNW of Mush?bani, India"
226,,"4 km NNW of Mush?bani, India",2019-07-28T21:25:03.314Z,4.5,22.5443,86.4405,10.0,3.7,3,37,22.831,86.2691,0,0.311,Mango,195.0715028,"2019-07-28 | 4 km NNW of Mush?bani, India"
227,,"4 km NNW of Mush?bani, India",2019-07-28T21:25:03.314Z,4.5,22.5443,86.4405,10.0,2.5,2,143,23.2751,85.2891,0,0.32,Ranchee,195.0715028,"2019-07-28 | 4 km NNW of Mush?bani, India"
228,,"4 km NNW of Mush?bani, India",2019-07-28T21:25:03.314Z,4.5,22.5443,86.4405,10.0,2.7,2,141,23.3663,85.3858,0,0.32,Ranchee,195.0715028,"2019-07-28 | 4 km NNW of Mush?bani, India"
229,,"4 km NNW of Mush?bani, India",2019-07-28T21:25:03.314Z,4.5,22.5443,86.4405,10.0,5.0,2,43,22.9222,86.4637,0,0.32,Mango,195.0715028,"2019-07-28 | 4 km NNW of Mush?bani, India"
230,,"4 km NNW of Mush?bani, India",2019-07-28T21:25:03.314Z,4.5,22.5443,86.4405,10.0,4.3,2,85,23.284,86.6577,0,0.32,Kenda,195.0715028,"2019-07-28 | 4 km NNW of Mush?bani, India"
231,,"4 km NNW of Mush?bani, India",2019-07-28T21:25:03.314Z,4.5,22.5443,86.4405,10.0,4.6,1,68,23.1015,86.17,0,0.33,Chandil,195.0715028,"2019-07-28 | 4 km NNW of Mush?bani, India"
232,,"4 km NNW of Mush?bani, India",2019-07-28T21:25:03.314Z,4.5,22.5443,86.4405,10.0,3.8,1,29,22.7407,86.2696,0,0.33,Jamshedpur,195.0715028,"2019-07-28 | 4 km NNW of Mush?bani, India"
233,,"4 km NNW of Mush?bani, India",2019-07-28T21:25:03.314Z,4.5,22.5443,86.4405,10.0,4.6,1,82,23.283,86.3645,0,0.33,Puruliya,195.0715028,"2019-07-28 | 4 km NNW of Mush?bani, India"
234,,"4 km NNW of Mush?bani, India",2019-07-28T21:25:03.314Z,4.5,22.5443,86.4405,10.0,3.4,1,24,22.7415,86.4643,0,0.33,Ghatshila,195.0715028,"2019-07-28 | 4 km NNW of Mush?bani, India"
235,,"4 km NNW of Mush?bani, India",2019-07-28T21:25:03.314Z,4.5,22.5443,86.4405,10.0,2.0,1,70,23.1035,86.7558,0,0.33,Khatra,195.0715028,"2019-07-28 | 4 km NNW of Mush?bani, India"
236,,"4 km NNW of Mush?bani, India",2019-07-28T21:25:03.314Z,4.5,22.5443,86.4405,10.0,2.0,1,95,23.1941,87.0489,0,0.33,Bankura,195.0715028,"2019-07-28 | 4 km NNW of Mush?bani, India"
237,,"4 km NNW of Mush?bani, India",2019-07-28T21:25:03.314Z,4.5,22.5443,86.4405,10.0,2.1,1,103,23.2843,87.0489,0,0.33,Bankura,195.0715028,"2019-07-28 | 4 km NNW of Mush?bani, India"
238,,"4 km NNW of Mush?bani, India",2019-07-28T21:25:03.314Z,4.5,22.5443,86.4405,10.0,2.0,1,97,22.2903,87.3398,0,0.33,Kharagpur,195.0715028,"2019-07-28 | 4 km NNW of Mush?bani, India"
239,,"4 km NNW of Mush?bani, India",2019-07-28T21:25:03.314Z,4.5,22.5443,86.4405,10.0,2.9,1,203,22.6458,88.4111,0,0.33,Dum Dum,195.0715028,"2019-07-28 | 4 km NNW of Mush?bani, India"
240,,"6 km ENE of Gh?t?l, India",2018-08-28T13:03:27.670Z,4.5,22.6926,87.7938,10.0,4.8,3,65,22.2903,87.3398,0,,Kharagpur,57.85433119,"2018-08-28 | 6 km ENE of Gh?t?l, India"
241,,"6 km ENE of Gh?t?l, India",2018-08-28T13:03:27.670Z,4.5,22.6926,87.7938,10.0,2.0,1,166,22.7402,86.1722,0,,Jugsalai,57.85433119,"2018-08-28 | 6 km ENE of Gh?t?l, India"
242,,"6 km ENE of Gh?t?l, India",2018-08-28T13:03:27.670Z,4.5,22.6926,87.7938,10.0,3.4,1,157,22.7407,86.2696,0,,Jamshedpur,57.85433119,"2018-08-28 | 6 km ENE of Gh?t?l, India"
243,,"6 km ENE of Gh?t?l, India",2018-08-28T13:03:27.670Z,4.5,22.6926,87.7938,10.0,4.6,1,67,22.3808,87.2429,0,,Kharagpur Railway Settlement,57.85433119,"2018-08-28 | 6 km ENE of Gh?t?l, India"
244,,"6 km ENE of Gh?t?l, India",2018-08-28T13:03:27.670Z,4.5,22.6926,87.7938,10.0,3.8,1,58,22.3806,87.34,0,,Kharagpur,57.85433119,"2018-08-28 | 6 km ENE of Gh?t?l, India"
245,,"9 km ENE of RГ„ВЃmganj, Bangladesh",2023-12-02T03:35:33.040Z,5.5,23.1475,90.9317,45.06,4.1,44,94,23.7096,90.3961,0,0.13,Dacca,273.363581,"2023-12-02 | 9 km ENE of RГ„ВЃmganj, Bangladesh"
246,,"9 km ENE of RГ„ВЃmganj, Bangladesh",2023-12-02T03:35:33.040Z,5.5,23.1475,90.9317,45.06,3.8,9,134,22.3451,91.8104,0,0.262,Chattagam,273.363581,"2023-12-02 | 9 km ENE of RГ„ВЃmganj, Bangladesh"
247,,"9 km ENE of RГ„ВЃmganj, Bangladesh",2023-12-02T03:35:33.040Z,5.5,23.1475,90.9317,45.06,4.2,7,101,23.7721,90.3556,0,0.277,Dacca,273.363581,"2023-12-02 | 9 km ENE of RГ„ВЃmganj, Bangladesh"
248,,"9 km ENE of RГ„ВЃmganj, Bangladesh",2023-12-02T03:35:33.040Z,5.5,23.1475,90.9317,45.06,4.2,7,98,23.7545,90.3854,0,0.277,Dacca,273.363581,"2023-12-02 | 9 km ENE of RГ„ВЃmganj, Bangladesh"
249,,"9 km ENE of RГ„ВЃmganj, Bangladesh",2023-12-02T03:35:33.040Z,5.5,23.1475,90.9317,45.06,4.0,5,100,23.7722,90.3654,0,0.293,Dacca,273.363581,"2023-12-02 | 9 km ENE of RГ„ВЃmganj, Bangladesh"
250,,"9 km ENE of RГ„ВЃmganj, Bangladesh",2023-12-02T03:35:33.040Z,5.5,23.1475,90.9317,45.06,4.7,4,121,24.0065,90.341,0,0.302,Г…ВўungГ„В«,273.363581,"2023-12-02 | 9 km ENE of RГ„ВЃmganj, Bangladesh"
251,,"9 km ENE of RГ„ВЃmganj, Bangladesh",2023-12-02T03:35:33.040Z,5.5,23.1475,90.9317,45.06,4.2,4,105,23.8264,90.3643,0,0.302,Г…ВўungГ„В«,273.363581,"2023-12-02 | 9 km ENE of RГ„ВЃmganj, Bangladesh"
252,,"9 km ENE of RГ„ВЃmganj, Bangladesh",2023-12-02T03:35:33.040Z,5.5,23.1475,90.9317,45.06,4.2,4,96,23.7365,90.3858,0,0.302,Dacca,273.363581,"2023-12-02 | 9 km ENE of RГ„ВЃmganj, Bangladesh"
253,,"9 km ENE of RГ„ВЃmganj, Bangladesh",2023-12-02T03:35:33.040Z,5.5,23.1475,90.9317,45.06,4.3,3,100,23.7632,90.3656,0,0.311,Dacca,273.363581,"2023-12-02 | 9 km ENE of RГ„ВЃmganj, Bangladesh"
254,,"9 km ENE of RГ„ВЃmganj, Bangladesh",2023-12-02T03:35:33.040Z,5.5,23.1475,90.9317,45.06,4.2,3,133,22.3631,91.82,0,0.311,Chattagam,273.363581,"2023-12-02 | 9 km ENE of RГ„ВЃmganj, Bangladesh"
255,,"9 km ENE of RГ„ВЃmganj, Bangladesh",2023-12-02T03:35:33.040Z,5.5,23.1475,90.9317,45.06,4.2,3,100,23.791,90.4043,0,0.311,Dacca,273.363581,"2023-12-02 | 9 km ENE of RГ„ВЃmganj, Bangladesh"
256,,"9 km ENE of RГ„ВЃmganj, Bangladesh",2023-12-02T03:35:33.040Z,5.5,23.1475,90.9317,45.06,4.0,3,97,23.7732,90.4243,0,0.311,Dacca,273.363581,"2023-12-02 | 9 km ENE of RГ„ВЃmganj, Bangladesh"
257,,"9 km ENE of RГ„ВЃmganj, Bangladesh",2023-12-02T03:35:33.040Z,5.5,23.1475,90.9317,45.06,3.9,3,106,23.863,90.393,0,0.311,Г…ВўungГ„В«,273.363581,"2023-12-02 | 9 km ENE of RГ„ВЃmganj, Bangladesh"
258,,"9 km ENE of RГ„ВЃmganj, Bangladesh",2023-12-02T03:35:33.040Z,5.5,23.1475,90.9317,45.06,5.3,2,96,23.7644,90.4342,0,0.32,Dacca,273.363581,"2023-12-02 | 9 km ENE of RГ„ВЃmganj, Bangladesh"
259,,"9 km ENE of RГ„ВЃmganj, Bangladesh",2023-12-02T03:35:33.040Z,5.5,23.1475,90.9317,45.06,5.3,2,102,23.8178,90.3939,0,0.32,Г…ВўungГ„В«,273.363581,"2023-12-02 | 9 km ENE of RГ„ВЃmganj, Bangladesh"
260,,"9 km ENE of RГ„ВЃmganj, Bangladesh",2023-12-02T03:35:33.040Z,5.5,23.1475,90.9317,45.06,5.0,2,107,23.8533,90.354,0,0.32,Г…ВўungГ„В«,273.363581,"2023-12-02 | 9 km ENE of RГ„ВЃmganj, Bangladesh"
261,,"9 km ENE of RГ„ВЃmganj, Bangladesh",2023-12-02T03:35:33.040Z,5.5,23.1475,90.9317,45.06,4.8,2,98,23.7453,90.3758,0,0.32,Dacca,273.363581,"2023-12-02 | 9 km ENE of RГ„ВЃmganj, Bangladesh"
262,,"9 km ENE of RГ„ВЃmganj, Bangladesh",2023-12-02T03:35:33.040Z,5.5,23.1475,90.9317,45.06,4.8,2,62,23.459,91.184,0,0.32,Comilla,273.363581,"2023-12-02 | 9 km ENE of RГ„ВЃmganj, Bangladesh"
263,,"9 km ENE of RГ„ВЃmganj, Bangladesh",2023-12-02T03:35:33.040Z,5.5,23.1475,90.9317,45.06,4.6,2,104,23.8265,90.3741,0,0.32,Г…ВўungГ„В«,273.363581,"2023-12-02 | 9 km ENE of RГ„ВЃmganj, Bangladesh"
264,,"9 km ENE of RГ„ВЃmganj, Bangladesh",2023-12-02T03:35:33.040Z,5.5,23.1475,90.9317,45.06,4.5,2,102,23.7901,90.3552,0,0.32,Dacca,273.363581,"2023-12-02 | 9 km ENE of RГ„ВЃmganj, Bangladesh"
265,,"9 km ENE of RГ„ВЃmganj, Bangladesh",2023-12-02T03:35:33.040Z,5.5,23.1475,90.9317,45.06,4.5,2,105,23.8356,90.374,0,0.32,Г…ВўungГ„В«,273.363581,"2023-12-02 | 9 km ENE of RГ„ВЃmganj, Bangladesh"
266,,"9 km ENE of RГ„ВЃmganj, Bangladesh",2023-12-02T03:35:33.040Z,5.5,23.1475,90.9317,45.06,4.5,2,133,22.3631,91.8102,0,0.32,Chattagam,273.363581,"2023-12-02 | 9 km ENE of RГ„ВЃmganj, Bangladesh"
267,,"9 km ENE of RГ„ВЃmganj, Bangladesh",2023-12-02T03:35:33.040Z,5.5,23.1475,90.9317,45.06,4.3,2,104,23.799,90.3452,0,0.32,Г…ВўungГ„В«,273.363581,"2023-12-02 | 9 km ENE of RГ„ВЃmganj, Bangladesh"
268,,"9 km ENE of RГ„ВЃmganj, Bangladesh",2023-12-02T03:35:33.040Z,5.5,23.1475,90.9317,45.06,4.2,2,97,23.7547,90.3952,0,0.32,Dacca,273.363581,"2023-12-02 | 9 km ENE of RГ„ВЃmganj, Bangladesh"
269,,"9 km ENE of RГ„ВЃmganj, Bangladesh",2023-12-02T03:35:33.040Z,5.5,23.1475,90.9317,45.06,4.2,2,107,23.8718,90.383,0,0.32,Г…ВўungГ„В«,273.363581,"2023-12-02 | 9 km ENE of RГ„ВЃmganj, Bangladesh"
270,,"9 km ENE of RГ„ВЃmganj, Bangladesh",2023-12-02T03:35:33.040Z,5.5,23.1475,90.9317,45.06,4.1,2,95,23.746,90.415,0,0.32,Dacca,273.363581,"2023-12-02 | 9 km ENE of RГ„ВЃmganj, Bangladesh"
271,,"9 km ENE of RГ„ВЃmganj, Bangladesh",2023-12-02T03:35:33.040Z,5.5,23.1475,90.9317,45.06,4.1,2,99,23.7818,90.3946,0,0.32,Dacca,273.363581,"2023-12-02 | 9 km ENE of RГ„ВЃmganj, Bangladesh"
272,,"9 km ENE of RГ„ВЃmganj, Bangladesh",2023-12-02T03:35:33.040Z,5.5,23.1475,90.9317,45.06,3.9,2,108,23.8809,90.3828,0,0.32,Г…ВўungГ„В«,273.363581,"2023-12-02 | 9 km ENE of RГ„ВЃmganj, Bangladesh"
273,,"9 km ENE of RГ„ВЃmganj, Bangladesh",2023-12-02T03:35:33.040Z,5.5,23.1475,90.9317,45.06,3.9,2,98,23.7729,90.4046,0,0.32,Dacca,273.363581,"2023-12-02 | 9 km ENE of RГ„ВЃmganj, Bangladesh"
274,,"9 km ENE of RГ„ВЃmganj, Bangladesh",2023-12-02T03:35:33.040Z,5.5,23.1475,90.9317,45.06,3.9,2,88,23.6928,90.4748,0,0.32,Narayanganj,273.363581,"2023-12-02 | 9 km ENE of RГ„ВЃmganj, Bangladesh"
275,,"9 km ENE of RГ„ВЃmganj, Bangladesh",2023-12-02T03:35:33.040Z,5.5,23.1475,90.9317,45.06,3.9,2,112,23.8425,90.2561,0,0.32,Dhamrai,273.363581,"2023-12-02 | 9 km ENE of RГ„ВЃmganj, Bangladesh"
276,,"9 km ENE of RГ„ВЃmganj, Bangladesh",2023-12-02T03:35:33.040Z,5.5,23.1475,90.9317,45.06,3.8,2,97,23.7548,90.405,0,0.32,Dacca,273.363581,"2023-12-02 | 9 km ENE of RГ„ВЃmganj, Bangladesh"
277,,"9 km ENE of RГ„ВЃmganj, Bangladesh",2023-12-02T03:35:33.040Z,5.5,23.1475,90.9317,45.06,3.8,2,95,23.7645,90.444,0,0.32,Dacca,273.363581,"2023-12-02 | 9 km ENE of RГ„ВЃmganj, Bangladesh"
278,,"9 km ENE of RГ„ВЃmganj, Bangladesh",2023-12-02T03:35:33.040Z,5.5,23.1475,90.9317,45.06,3.6,2,84,23.648,90.4953,0,0.32,Narayanganj,273.363581,"2023-12-02 | 9 km ENE of RГ„ВЃmganj, Bangladesh"
279,,"9 km ENE of RГ„ВЃmganj, Bangladesh",2023-12-02T03:35:33.040Z,5.5,23.1475,90.9317,45.06,3.6,2,95,23.7186,90.3959,0,0.32,Dacca,273.363581,"2023-12-02 | 9 km ENE of RГ„ВЃmganj, Bangladesh"
280,,"9 km ENE of RГ„ВЃmganj, Bangladesh",2023-12-02T03:35:33.040Z,5.5,23.1475,90.9317,45.06,3.6,2,99,23.8003,90.4237,0,0.32,Г…ВўungГ„В«,273.363581,"2023-12-02 | 9 km ENE of RГ„ВЃmganj, Bangladesh"
281,,"9 km ENE of RГ„ВЃmganj, Bangladesh",2023-12-02T03:35:33.040Z,5.5,23.1475,90.9317,45.06,3.6,2,100,23.8185,90.4331,0,0.32,Г…ВўungГ„В«,273.363581,"2023-12-02 | 9 km ENE of RГ„ВЃmganj, Bangladesh"
282,,"9 km ENE of RГ„ВЃmganj, Bangladesh",2023-12-02T03:35:33.040Z,5.5,23.1475,90.9317,45.06,3.5,2,153,22.8441,89.5385,0,0.32,Khulna,273.363581,"2023-12-02 | 9 km ENE of RГ„ВЃmganj, Bangladesh"
283,,"9 km ENE of RГ„ВЃmganj, Bangladesh",2023-12-02T03:35:33.040Z,5.5,23.1475,90.9317,45.06,3.3,2,102,23.7993,90.3649,0,0.32,Г…ВўungГ„В«,273.363581,"2023-12-02 | 9 km ENE of RГ„ВЃmganj, Bangladesh"
284,,"9 km ENE of RГ„ВЃmganj, Bangladesh",2023-12-02T03:35:33.040Z,5.5,23.1475,90.9317,45.06,3.1,2,99,23.7911,90.4141,0,0.32,Dacca,273.363581,"2023-12-02 | 9 km ENE of RГ„ВЃmganj, Bangladesh"
285,,"9 km ENE of RГ„ВЃmganj, Bangladesh",2023-12-02T03:35:33.040Z,5.5,23.1475,90.9317,45.06,2.9,2,134,22.3633,91.8297,0,0.32,Chattagam,273.363581,"2023-12-02 | 9 km ENE of RГ„ВЃmganj, Bangladesh"
286,,"9 km ENE of RГ„ВЃmganj, Bangladesh",2023-12-02T03:35:33.040Z,5.5,23.1475,90.9317,45.06,2.0,2,137,22.3361,91.8396,0,0.32,Chattagam,273.363581,"2023-12-02 | 9 km ENE of RГ„ВЃmganj, Bangladesh"
287,,"9 km ENE of RГ„ВЃmganj, Bangladesh",2023-12-02T03:35:33.040Z,5.5,23.1475,90.9317,45.06,5.4,1,49,23.2325,91.1186,0,0.33,Laksam,273.363581,"2023-12-02 | 9 km ENE of RГ„ВЃmganj, Bangladesh"
288,,"9 km ENE of RГ„ВЃmganj, Bangladesh",2023-12-02T03:35:33.040Z,5.5,23.1475,90.9317,45.06,5.4,1,48,23.0566,90.7893,0,0.33,Raipur,273.363581,"2023-12-02 | 9 km ENE of RГ„ВЃmganj, Bangladesh"
289,,"9 km ENE of RГ„ВЃmganj, Bangladesh",2023-12-02T03:35:33.040Z,5.5,23.1475,90.9317,45.06,5.3,1,87,23.6933,90.5042,0,0.33,Narayanganj,273.363581,"2023-12-02 | 9 km ENE of RГ„ВЃmganj, Bangladesh"
290,,"9 km ENE of RГ„ВЃmganj, Bangladesh",2023-12-02T03:35:33.040Z,5.5,23.1475,90.9317,45.06,5.2,1,63,23.4592,91.2035,0,0.33,Comilla,273.363581,"2023-12-02 | 9 km ENE of RГ„ВЃmganj, Bangladesh"
291,,"9 km ENE of RГ„ВЃmganj, Bangladesh",2023-12-02T03:35:33.040Z,5.5,23.1475,90.9317,45.06,5.0,1,97,23.764,90.4146,0,0.33,Dacca,273.363581,"2023-12-02 | 9 km ENE of RГ„ВЃmganj, Bangladesh"
292,,"9 km ENE of RГ„ВЃmganj, Bangladesh",2023-12-02T03:35:33.040Z,5.5,23.1475,90.9317,45.06,5.0,1,64,22.873,91.2698,0,0.33,FenГ„В«,273.363581,"2023-12-02 | 9 km ENE of RГ„ВЃmganj, Bangladesh"
293,,"9 km ENE of RГ„ВЃmganj, Bangladesh",2023-12-02T03:35:33.040Z,5.5,23.1475,90.9317,45.06,5.0,1,100,23.7814,90.3751,0,0.33,Dacca,273.363581,"2023-12-02 | 9 km ENE of RГ„ВЃmganj, Bangladesh"
294,,"9 km ENE of RГ„ВЃmganj, Bangladesh",2023-12-02T03:35:33.040Z,5.5,23.1475,90.9317,45.06,5.0,1,96,23.755,90.4148,0,0.33,Dacca,273.363581,"2023-12-02 | 9 km ENE of RГ„ВЃmganj, Bangladesh"
295,,"9 km ENE of RГ„ВЃmganj, Bangladesh",2023-12-02T03:35:33.040Z,5.5,23.1475,90.9317,45.06,4.8,1,110,23.8155,90.2566,0,0.33,Dhamrai,273.363581,"2023-12-02 | 9 km ENE of RГ„ВЃmganj, Bangladesh"
296,,"9 km ENE of RГ„ВЃmganj, Bangladesh",2023-12-02T03:35:33.040Z,5.5,23.1475,90.9317,45.06,4.8,1,104,23.9817,91.1078,0,0.33,Brahman Bariya,273.363581,"2023-12-02 | 9 km ENE of RГ„ВЃmganj, Bangladesh"
297,,"9 km ENE of RГ„ВЃmganj, Bangladesh",2023-12-02T03:35:33.040Z,5.5,23.1475,90.9317,45.06,4.8,1,87,23.6748,90.4752,0,0.33,Narayanganj,273.363581,"2023-12-02 | 9 km ENE of RГ„ВЃmganj, Bangladesh"
298,,"9 km ENE of RГ„ВЃmganj, Bangladesh",2023-12-02T03:35:33.040Z,5.5,23.1475,90.9317,45.06,4.8,1,106,23.9752,90.6363,0,0.33,Narsingdi,273.363581,"2023-12-02 | 9 km ENE of RГ„ВЃmganj, Bangladesh"
299,,"9 km ENE of RГ„ВЃmganj, Bangladesh",2023-12-02T03:35:33.040Z,5.5,23.1475,90.9317,45.06,4.8,1,101,23.7906,90.3847,0,0.33,Dacca,273.363581,"2023-12-02 | 9 km ENE of RГ„ВЃmganj, Bangladesh"
300,,"9 km ENE of RГ„ВЃmganj, Bangladesh",2023-12-02T03:35:33.040Z,5.5,23.1475,90.9317,45.06,4.8,1,115,22.6341,91.8079,0,0.33,Uttar Dhurung,273.363581,"2023-12-02 | 9 km ENE of RГ„ВЃmganj, Bangladesh"
301,,"9 km ENE of RГ„ВЃmganj, Bangladesh",2023-12-02T03:35:33.040Z,5.5,23.1475,90.9317,45.06,4.8,1,97,23.7178,90.3469,0,0.33,Dacca,273.363581,"2023-12-02 | 9 km ENE of RГ„ВЃmganj, Bangladesh"
302,,"9 km ENE of RГ„ВЃmganj, Bangladesh",2023-12-02T03:35:33.040Z,5.5,23.1475,90.9317,45.06,4.7,1,109,24.0515,90.9201,0,0.33,Bhairab,273.363581,"2023-12-02 | 9 km ENE of RГ„ВЃmganj, Bangladesh"
303,,"9 km ENE of RГ„ВЃmganj, Bangladesh",2023-12-02T03:35:33.040Z,5.5,23.1475,90.9317,45.06,4.7,1,49,23.1151,91.1202,0,0.33,Begumganj,273.363581,"2023-12-02 | 9 km ENE of RГ„ВЃmganj, Bangladesh"
304,,"9 km ENE of RГ„ВЃmganj, Bangladesh",2023-12-02T03:35:33.040Z,5.5,23.1475,90.9317,45.06,4.7,1,97,23.7455,90.3856,0,0.33,Dacca,273.363581,"2023-12-02 | 9 km ENE of RГ„ВЃmganj, Bangladesh"
305,,"9 km ENE of RГ„ВЃmganj, Bangladesh",2023-12-02T03:35:33.040Z,5.5,23.1475,90.9317,45.06,4.6,1,59,23.2165,91.3045,0,0.33,Belonia,273.363581,"2023-12-02 | 9 km ENE of RГ„ВЃmganj, Bangladesh"
306,,"9 km ENE of RГ„ВЃmganj, Bangladesh",2023-12-02T03:35:33.040Z,5.5,23.1475,90.9317,45.06,4.6,1,99,23.7727,90.3948,0,0.33,Dacca,273.363581,"2023-12-02 | 9 km ENE of RГ„ВЃmganj, Bangladesh"
307,,"9 km ENE of RГ„ВЃmganj, Bangladesh",2023-12-02T03:35:33.040Z,5.5,23.1475,90.9317,45.06,4.6,1,112,23.8335,90.2562,0,0.33,Dhamrai,273.363581,"2023-12-02 | 9 km ENE of RГ„ВЃmganj, Bangladesh"
308,,"9 km ENE of RГ„ВЃmganj, Bangladesh",2023-12-02T03:35:33.040Z,5.5,23.1475,90.9317,45.06,4.6,1,101,23.7629,90.346,0,0.33,Dacca,273.363581,"2023-12-02 | 9 km ENE of RГ„ВЃmganj, Bangladesh"
309,,"9 km ENE of RГ„ВЃmganj, Bangladesh",2023-12-02T03:35:33.040Z,5.5,23.1475,90.9317,45.06,4.6,1,189,23.5446,89.1796,0,0.33,Jhanaydah,273.363581,"2023-12-02 | 9 km ENE of RГ„ВЃmganj, Bangladesh"
310,,"9 km ENE of RГ„ВЃmganj, Bangladesh",2023-12-02T03:35:33.040Z,5.5,23.1475,90.9317,45.06,4.6,1,116,23.123,91.9794,0,0.33,Khagrachari,273.363581,"2023-12-02 | 9 km ENE of RГ„ВЃmganj, Bangladesh"
311,,"9 km ENE of RГ„ВЃmganj, Bangladesh",2023-12-02T03:35:33.040Z,5.5,23.1475,90.9317,45.06,4.6,1,141,24.3472,90.7576,0,0.33,Kishorganj,273.363581,"2023-12-02 | 9 km ENE of RГ„ВЃmganj, Bangladesh"
312,,"9 km ENE of RГ„ВЃmganj, Bangladesh",2023-12-02T03:35:33.040Z,5.5,23.1475,90.9317,45.06,4.6,1,102,23.7811,90.3554,0,0.33,Dacca,273.363581,"2023-12-02 | 9 km ENE of RГ„ВЃmganj, Bangladesh"
313,,"9 km ENE of RГ„ВЃmganj, Bangladesh",2023-12-02T03:35:33.040Z,5.5,23.1475,90.9317,45.06,4.3,1,128,22.4445,91.8193,0,0.33,Raojan,273.363581,"2023-12-02 | 9 km ENE of RГ„ВЃmganj, Bangladesh"
314,,"9 km ENE of RГ„ВЃmganj, Bangladesh",2023-12-02T03:35:33.040Z,5.5,23.1475,90.9317,45.06,4.3,1,132,22.3448,91.7812,0,0.33,Chattagam,273.363581,"2023-12-02 | 9 km ENE of RГ„ВЃmganj, Bangladesh"
315,,"9 km ENE of RГ„ВЃmganj, Bangladesh",2023-12-02T03:35:33.040Z,5.5,23.1475,90.9317,45.06,4.3,1,119,23.9237,90.2544,0,0.33,Dhamrai,273.363581,"2023-12-02 | 9 km ENE of RГ„ВЃmganj, Bangladesh"
316,,"9 km ENE of RГ„ВЃmganj, Bangladesh",2023-12-02T03:35:33.040Z,5.5,23.1475,90.9317,45.06,4.3,1,57,22.8316,90.8417,0,0.33,LakshmГ„В«pГ…В«r,273.363581,"2023-12-02 | 9 km ENE of RГ„ВЃmganj, Bangladesh"
317,,"9 km ENE of RГ„ВЃmganj, Bangladesh",2023-12-02T03:35:33.040Z,5.5,23.1475,90.9317,45.06,4.3,1,137,22.327,91.8299,0,0.33,Chattagam,273.363581,"2023-12-02 | 9 km ENE of RГ„ВЃmganj, Bangladesh"
318,,"9 km ENE of RГ„ВЃmganj, Bangladesh",2023-12-02T03:35:33.040Z,5.5,23.1475,90.9317,45.06,4.3,1,46,23.231,91.0014,0,0.33,Laksam,273.363581,"2023-12-02 | 9 km ENE of RГ„ВЃmganj, Bangladesh"
319,,"9 km ENE of RГ„ВЃmganj, Bangladesh",2023-12-02T03:35:33.040Z,5.5,23.1475,90.9317,45.06,4.3,1,94,23.7373,90.4348,0,0.33,Dacca,273.363581,"2023-12-02 | 9 km ENE of RГ„ВЃmganj, Bangladesh"
320,,"9 km ENE of RГ„ВЃmganj, Bangladesh",2023-12-02T03:35:33.040Z,5.5,23.1475,90.9317,45.06,4.3,1,144,22.6634,92.1677,0,0.33,Rangamati,273.363581,"2023-12-02 | 9 km ENE of RГ„ВЃmganj, Bangladesh"
321,,"9 km ENE of RГ„ВЃmganj, Bangladesh",2023-12-02T03:35:33.040Z,5.5,23.1475,90.9317,45.06,4.3,1,61,23.4764,91.1249,0,0.33,Comilla,273.363581,"2023-12-02 | 9 km ENE of RГ„ВЃmganj, Bangladesh"
322,,"9 km ENE of RГ„ВЃmganj, Bangladesh",2023-12-02T03:35:33.040Z,5.5,23.1475,90.9317,45.06,4.3,1,82,23.63,90.4956,0,0.33,Narayanganj,273.363581,"2023-12-02 | 9 km ENE of RГ„ВЃmganj, Bangladesh"
323,,"9 km ENE of RГ„ВЃmganj, Bangladesh",2023-12-02T03:35:33.040Z,5.5,23.1475,90.9317,45.06,4.3,1,130,23.6062,89.8369,0,0.33,FarГ„В«dpГ…В«r,273.363581,"2023-12-02 | 9 km ENE of RГ„ВЃmganj, Bangladesh"
324,,"9 km ENE of RГ„ВЃmganj, Bangladesh",2023-12-02T03:35:33.040Z,5.5,23.1475,90.9317,45.06,4.3,1,137,22.3453,91.8492,0,0.33,Chattagam,273.363581,"2023-12-02 | 9 km ENE of RГ„ВЃmganj, Bangladesh"
325,,"9 km ENE of RГ„ВЃmganj, Bangladesh",2023-12-02T03:35:33.040Z,5.5,23.1475,90.9317,45.06,4.3,1,67,23.0097,91.3948,0,0.33,FenГ„В«,273.363581,"2023-12-02 | 9 km ENE of RГ„ВЃmganj, Bangladesh"
326,,"9 km ENE of RГ„ВЃmganj, Bangladesh",2023-12-02T03:35:33.040Z,5.5,23.1475,90.9317,45.06,4.3,1,59,23.4404,91.145,0,0.33,Comilla,273.363581,"2023-12-02 | 9 km ENE of RГ„ВЃmganj, Bangladesh"
327,,"9 km ENE of RГ„ВЃmganj, Bangladesh",2023-12-02T03:35:33.040Z,5.5,23.1475,90.9317,45.06,4.3,1,68,23.5425,90.6736,0,0.33,Narayanganj,273.363581,"2023-12-02 | 9 km ENE of RГ„ВЃmganj, Bangladesh"
328,,"9 km ENE of RГ„ВЃmganj, Bangladesh",2023-12-02T03:35:33.040Z,5.5,23.1475,90.9317,45.06,4.3,1,152,22.8077,89.5573,0,0.33,Khulna,273.363581,"2023-12-02 | 9 km ENE of RГ„ВЃmganj, Bangladesh"
329,,"9 km ENE of RГ„ВЃmganj, Bangladesh",2023-12-02T03:35:33.040Z,5.5,23.1475,90.9317,45.06,4.3,1,46,23.2568,90.9033,0,0.33,Haziganj,273.363581,"2023-12-02 | 9 km ENE of RГ„ВЃmganj, Bangladesh"
330,,"9 km ENE of RГ„ВЃmganj, Bangladesh",2023-12-02T03:35:33.040Z,5.5,23.1475,90.9317,45.06,4.3,1,105,23.8725,90.4223,0,0.33,Г…ВўungГ„В«,273.363581,"2023-12-02 | 9 km ENE of RГ„ВЃmganj, Bangladesh"
331,,"9 km ENE of RГ„ВЃmganj, Bangladesh",2023-12-02T03:35:33.040Z,5.5,23.1475,90.9317,45.06,4.1,1,95,23.8392,91.2671,0,0.33,Agartala,273.363581,"2023-12-02 | 9 km ENE of RГ„ВЃmganj, Bangladesh"
332,,"9 km ENE of RГ„ВЃmganj, Bangladesh",2023-12-02T03:35:33.040Z,5.5,23.1475,90.9317,45.06,4.1,1,108,23.8807,90.3731,0,0.33,Г…ВўungГ„В«,273.363581,"2023-12-02 | 9 km ENE of RГ„ВЃmganj, Bangladesh"
333,,"9 km ENE of RГ„ВЃmganj, Bangladesh",2023-12-02T03:35:33.040Z,5.5,23.1475,90.9317,45.06,4.1,1,86,23.6935,90.514,0,0.33,Narayanganj,273.363581,"2023-12-02 | 9 km ENE of RГ„ВЃmganj, Bangladesh"
334,,"9 km ENE of RГ„ВЃmganj, Bangladesh",2023-12-02T03:35:33.040Z,5.5,23.1475,90.9317,45.06,4.1,1,91,23.701,90.4257,0,0.33,Dacca,273.363581,"2023-12-02 | 9 km ENE of RГ„ВЃmganj, Bangladesh"
335,,"9 km ENE of RГ„ВЃmganj, Bangladesh",2023-12-02T03:35:33.040Z,5.5,23.1475,90.9317,45.06,4.1,1,102,23.7903,90.365,0,0.33,Dacca,273.363581,"2023-12-02 | 9 km ENE of RГ„ВЃmganj, Bangladesh"
336,,"9 km ENE of RГ„ВЃmganj, Bangladesh",2023-12-02T03:35:33.040Z,5.5,23.1475,90.9317,45.06,4.1,1,135,22.3633,91.8393,0,0.33,Chattagam,273.363581,"2023-12-02 | 9 km ENE of RГ„ВЃmganj, Bangladesh"
337,,"9 km ENE of RГ„ВЃmganj, Bangladesh",2023-12-02T03:35:33.040Z,5.5,23.1475,90.9317,45.06,4.1,1,103,23.8083,90.3647,0,0.33,Г…ВўungГ„В«,273.363581,"2023-12-02 | 9 km ENE of RГ„ВЃmganj, Bangladesh"
338,,"9 km ENE of RГ„ВЃmganj, Bangladesh",2023-12-02T03:35:33.040Z,5.5,23.1475,90.9317,45.06,4.1,1,82,23.3186,91.5867,0,0.33,Belonia,273.363581,"2023-12-02 | 9 km ENE of RГ„ВЃmganj, Bangladesh"
339,,"9 km ENE of RГ„ВЃmganj, Bangladesh",2023-12-02T03:35:33.040Z,5.5,23.1475,90.9317,45.06,4.1,1,96,23.7642,90.4244,0,0.33,Dacca,273.363581,"2023-12-02 | 9 km ENE of RГ„ВЃmganj, Bangladesh"
340,,"9 km ENE of RГ„ВЃmganj, Bangladesh",2023-12-02T03:35:33.040Z,5.5,23.1475,90.9317,45.06,4.1,1,96,23.7552,90.4246,0,0.33,Dacca,273.363581,"2023-12-02 | 9 km ENE of RГ„ВЃmganj, Bangladesh"
341,,"9 km ENE of RГ„ВЃmganj, Bangladesh",2023-12-02T03:35:33.040Z,5.5,23.1475,90.9317,45.06,4.1,1,81,23.6121,90.5058,0,0.33,Narayanganj,273.363581,"2023-12-02 | 9 km ENE of RГ„ВЃmganj, Bangladesh"
342,,"9 km ENE of RГ„ВЃmganj, Bangladesh",2023-12-02T03:35:33.040Z,5.5,23.1475,90.9317,45.06,4.1,1,101,23.7813,90.3652,0,0.33,Dacca,273.363581,"2023-12-02 | 9 km ENE of RГ„ВЃmganj, Bangladesh"
343,,"9 km ENE of RГ„ВЃmganj, Bangladesh",2023-12-02T03:35:33.040Z,5.5,23.1475,90.9317,45.06,4.1,1,137,22.2816,91.7915,0,0.33,Chattagam,273.363581,"2023-12-02 | 9 km ENE of RГ„ВЃmganj, Bangladesh"
344,,"9 km ENE of RГ„ВЃmganj, Bangladesh",2023-12-02T03:35:33.040Z,5.5,23.1475,90.9317,45.06,4.1,1,116,23.9988,90.4198,0,0.33,Г…ВўungГ„В«,273.363581,"2023-12-02 | 9 km ENE of RГ„ВЃmganj, Bangladesh"
345,,"9 km ENE of RГ„ВЃmganj, Bangladesh",2023-12-02T03:35:33.040Z,5.5,23.1475,90.9317,45.06,4.1,1,62,23.4502,91.2037,0,0.33,Comilla,273.363581,"2023-12-02 | 9 km ENE of RГ„ВЃmganj, Bangladesh"
346,,"9 km ENE of RГ„ВЃmganj, Bangladesh",2023-12-02T03:35:33.040Z,5.5,23.1475,90.9317,45.06,4.1,1,92,23.7193,90.4351,0,0.33,Dacca,273.363581,"2023-12-02 | 9 km ENE of RГ„ВЃmganj, Bangladesh"
347,,"9 km ENE of RГ„ВЃmganj, Bangladesh",2023-12-02T03:35:33.040Z,5.5,23.1475,90.9317,45.06,4.1,1,105,23.8354,90.3641,0,0.33,Г…ВўungГ„В«,273.363581,"2023-12-02 | 9 km ENE of RГ„ВЃmganj, Bangladesh"
348,,"9 km ENE of RГ„ВЃmganj, Bangladesh",2023-12-02T03:35:33.040Z,5.5,23.1475,90.9317,45.06,4.1,1,106,23.8722,90.4026,0,0.33,Г…ВўungГ„В«,273.363581,"2023-12-02 | 9 km ENE of RГ„ВЃmganj, Bangladesh"
349,,"9 km ENE of RГ„ВЃmganj, Bangladesh",2023-12-02T03:35:33.040Z,5.5,23.1475,90.9317,45.06,4.1,1,134,22.3815,91.8489,0,0.33,Chattagam,273.363581,"2023-12-02 | 9 km ENE of RГ„ВЃmganj, Bangladesh"
350,,"9 km ENE of RГ„ВЃmganj, Bangladesh",2023-12-02T03:35:33.040Z,5.5,23.1475,90.9317,45.06,4.1,1,93,23.7097,90.4059,0,0.33,Dacca,273.363581,"2023-12-02 | 9 km ENE of RГ„ВЃmganj, Bangladesh"
351,,"9 km ENE of RГ„ВЃmganj, Bangladesh",2023-12-02T03:35:33.040Z,5.5,23.1475,90.9317,45.06,4.1,1,93,23.7189,90.4155,0,0.33,Dacca,273.363581,"2023-12-02 | 9 km ENE of RГ„ВЃmganj, Bangladesh"
352,,"9 km ENE of RГ„ВЃmganj, Bangladesh",2023-12-02T03:35:33.040Z,5.5,23.1475,90.9317,45.06,4.1,1,47,23.2561,90.8544,0,0.33,Haziganj,273.363581,"2023-12-02 | 9 km ENE of RГ„ВЃmganj, Bangladesh"
353,,"9 km ENE of RГ„ВЃmganj, Bangladesh",2023-12-02T03:35:33.040Z,5.5,23.1475,90.9317,45.06,4.0,1,105,23.8262,90.3545,0,0.33,Г…ВўungГ„В«,273.363581,"2023-12-02 | 9 km ENE of RГ„ВЃmganj, Bangladesh"
354,,"9 km ENE of RГ„ВЃmganj, Bangladesh",2023-12-02T03:35:33.040Z,5.5,23.1475,90.9317,45.06,4.0,1,221,24.9104,91.8662,0,0.33,SilhaГ…ВЈ,273.363581,"2023-12-02 | 9 km ENE of RГ„ВЃmganj, Bangladesh"
355,,"9 km ENE of RГ„ВЃmganj, Bangladesh",2023-12-02T03:35:33.040Z,5.5,23.1475,90.9317,45.06,3.9,1,277,24.3644,88.5922,0,0.33,Rajshahi,273.363581,"2023-12-02 | 9 km ENE of RГ„ВЃmganj, Bangladesh"
356,,"9 km ENE of RГ„ВЃmganj, Bangladesh",2023-12-02T03:35:33.040Z,5.5,23.1475,90.9317,45.06,3.8,1,113,23.1679,91.9497,0,0.33,Khagrachari,273.363581,"2023-12-02 | 9 km ENE of RГ„ВЃmganj, Bangladesh"
357,,"9 km ENE of RГ„ВЃmganj, Bangladesh",2023-12-02T03:35:33.040Z,5.5,23.1475,90.9317,45.06,3.8,1,90,23.7109,90.4745,0,0.33,Dacca,273.363581,"2023-12-02 | 9 km ENE of RГ„ВЃmganj, Bangladesh"
358,,"9 km ENE of RГ„ВЃmganj, Bangladesh",2023-12-02T03:35:33.040Z,5.5,23.1475,90.9317,45.06,3.8,1,149,23.4032,89.5685,0,0.33,Magura,273.363581,"2023-12-02 | 9 km ENE of RГ„ВЃmganj, Bangladesh"
359,,"9 km ENE of RГ„ВЃmganj, Bangladesh",2023-12-02T03:35:33.040Z,5.5,23.1475,90.9317,45.06,3.8,1,94,23.7188,90.4057,0,0.33,Dacca,273.363581,"2023-12-02 | 9 km ENE of RГ„ВЃmganj, Bangladesh"
360,,"9 km ENE of RГ„ВЃmganj, Bangladesh",2023-12-02T03:35:33.040Z,5.5,23.1475,90.9317,45.06,3.8,1,95,23.7278,90.4055,0,0.33,Dacca,273.363581,"2023-12-02 | 9 km ENE of RГ„ВЃmganj, Bangladesh"
361,,"9 km ENE of RГ„ВЃmganj, Bangladesh",2023-12-02T03:35:33.040Z,5.5,23.1475,90.9317,45.06,3.8,1,99,23.7726,90.385,0,0.33,Dacca,273.363581,"2023-12-02 | 9 km ENE of RГ„ВЃmganj, Bangladesh"
362,,"9 km ENE of RГ„ВЃmganj, Bangladesh",2023-12-02T03:35:33.040Z,5.5,23.1475,90.9317,45.06,3.8,1,130,24.0405,90.2224,0,0.33,Mirzapur,273.363581,"2023-12-02 | 9 km ENE of RГ„ВЃmganj, Bangladesh"
363,,"9 km ENE of RГ„ВЃmganj, Bangladesh",2023-12-02T03:35:33.040Z,5.5,23.1475,90.9317,45.06,3.8,1,93,23.7191,90.4253,0,0.33,Dacca,273.363581,"2023-12-02 | 9 km ENE of RГ„ВЃmganj, Bangladesh"
364,,"9 km ENE of RГ„ВЃmganj, Bangladesh",2023-12-02T03:35:33.040Z,5.5,23.1475,90.9317,45.06,3.8,1,114,23.7445,91.7391,0,0.33,Teliamura,273.363581,"2023-12-02 | 9 km ENE of RГ„ВЃmganj, Bangladesh"
365,,"9 km ENE of RГ„ВЃmganj, Bangladesh",2023-12-02T03:35:33.040Z,5.5,23.1475,90.9317,45.06,3.8,1,82,23.6208,90.486,0,0.33,Narayanganj,273.363581,"2023-12-02 | 9 km ENE of RГ„ВЃmganj, Bangladesh"
366,,"9 km ENE of RГ„ВЃmganj, Bangladesh",2023-12-02T03:35:33.040Z,5.5,23.1475,90.9317,45.06,3.8,1,99,23.7913,90.4239,0,0.33,Г…ВўungГ„В«,273.363581,"2023-12-02 | 9 km ENE of RГ„ВЃmganj, Bangladesh"
367,,"9 km ENE of RГ„ВЃmganj, Bangladesh",2023-12-02T03:35:33.040Z,5.5,23.1475,90.9317,45.06,3.8,1,93,23.7099,90.4157,0,0.33,Dacca,273.363581,"2023-12-02 | 9 km ENE of RГ„ВЃmganj, Bangladesh"
368,,"9 km ENE of RГ„ВЃmganj, Bangladesh",2023-12-02T03:35:33.040Z,5.5,23.1475,90.9317,45.06,3.8,1,272,24.3638,88.6514,0,0.33,Rajshahi,273.363581,"2023-12-02 | 9 km ENE of RГ„ВЃmganj, Bangladesh"
369,,"9 km ENE of RГ„ВЃmganj, Bangladesh",2023-12-02T03:35:33.040Z,5.5,23.1475,90.9317,45.06,3.8,1,97,23.7639,90.4048,0,0.33,Dacca,273.363581,"2023-12-02 | 9 km ENE of RГ„ВЃmganj, Bangladesh"
370,,"9 km ENE of RГ„ВЃmganj, Bangladesh",2023-12-02T03:35:33.040Z,5.5,23.1475,90.9317,45.06,3.8,1,110,23.294,91.8999,0,0.33,Khagrachari,273.363581,"2023-12-02 | 9 km ENE of RГ„ВЃmganj, Bangladesh"
371,,"9 km ENE of RГ„ВЃmganj, Bangladesh",2023-12-02T03:35:33.040Z,5.5,23.1475,90.9317,45.06,3.8,1,139,22.2726,91.8013,0,0.33,Chattagam,273.363581,"2023-12-02 | 9 km ENE of RГ„ВЃmganj, Bangladesh"
372,,"9 km ENE of RГ„ВЃmganj, Bangladesh",2023-12-02T03:35:33.040Z,5.5,23.1475,90.9317,45.06,3.8,1,101,23.7996,90.3845,0,0.33,Г…ВўungГ„В«,273.363581,"2023-12-02 | 9 km ENE of RГ„ВЃmganj, Bangladesh"
373,,"9 km ENE of RГ„ВЃmganj, Bangladesh",2023-12-02T03:35:33.040Z,5.5,23.1475,90.9317,45.06,3.8,1,100,23.8187,90.443,0,0.33,Г…ВўungГ„В«,273.363581,"2023-12-02 | 9 km ENE of RГ„ВЃmganj, Bangladesh"
374,,"9 km ENE of RГ„ВЃmganj, Bangladesh",2023-12-02T03:35:33.040Z,5.5,23.1475,90.9317,45.06,3.8,1,65,22.8368,91.2605,0,0.33,Kabirhat,273.363581,"2023-12-02 | 9 km ENE of RГ„ВЃmganj, Bangladesh"
375,,"9 km ENE of RГ„ВЃmganj, Bangladesh",2023-12-02T03:35:33.040Z,5.5,23.1475,90.9317,45.06,3.8,1,107,23.872,90.3929,0,0.33,Г…ВўungГ„В«,273.363581,"2023-12-02 | 9 km ENE of RГ„ВЃmganj, Bangladesh"
376,,"9 km ENE of RГ„ВЃmganj, Bangladesh",2023-12-02T03:35:33.040Z,5.5,23.1475,90.9317,45.06,3.8,1,100,23.8093,90.4235,0,0.33,Г…ВўungГ„В«,273.363581,"2023-12-02 | 9 km ENE of RГ„ВЃmganj, Bangladesh"
377,,"9 km ENE of RГ„ВЃmganj, Bangladesh",2023-12-02T03:35:33.040Z,5.5,23.1475,90.9317,45.06,3.8,1,95,23.7276,90.3957,0,0.33,Dacca,273.363581,"2023-12-02 | 9 km ENE of RГ„ВЃmganj, Bangladesh"
378,,"9 km ENE of RГ„ВЃmganj, Bangladesh",2023-12-02T03:35:33.040Z,5.5,23.1475,90.9317,45.06,3.8,1,62,23.4678,91.1643,0,0.33,Comilla,273.363581,"2023-12-02 | 9 km ENE of RГ„ВЃmganj, Bangladesh"
379,,"9 km ENE of RГ„ВЃmganj, Bangladesh",2023-12-02T03:35:33.040Z,5.5,23.1475,90.9317,45.06,3.8,1,150,24.3037,90.3053,0,0.33,Bhaluka,273.363581,"2023-12-02 | 9 km ENE of RГ„ВЃmganj, Bangladesh"
380,,"9 km ENE of RГ„ВЃmganj, Bangladesh",2023-12-02T03:35:33.040Z,5.5,23.1475,90.9317,45.06,3.8,1,97,23.7363,90.3759,0,0.33,Dacca,273.363581,"2023-12-02 | 9 km ENE of RГ„ВЃmganj, Bangladesh"
381,,"9 km ENE of RГ„ВЃmganj, Bangladesh",2023-12-02T03:35:33.040Z,5.5,23.1475,90.9317,45.06,3.8,1,63,23.477,91.1837,0,0.33,Comilla,273.363581,"2023-12-02 | 9 km ENE of RГ„ВЃmganj, Bangladesh"
382,,"9 km ENE of RГ„ВЃmganj, Bangladesh",2023-12-02T03:35:33.040Z,5.5,23.1475,90.9317,45.06,3.8,1,114,23.8788,90.2651,0,0.33,Dhamrai,273.363581,"2023-12-02 | 9 km ENE of RГ„ВЃmganj, Bangladesh"
383,,"9 km ENE of RГ„ВЃmganj, Bangladesh",2023-12-02T03:35:33.040Z,5.5,23.1475,90.9317,45.06,3.8,1,53,22.9526,91.1225,0,0.33,Begumganj,273.363581,"2023-12-02 | 9 km ENE of RГ„ВЃmganj, Bangladesh"
384,,"9 km ENE of RГ„ВЃmganj, Bangladesh",2023-12-02T03:35:33.040Z,5.5,23.1475,90.9317,45.06,3.8,1,83,23.6392,90.5052,0,0.33,Narayanganj,273.363581,"2023-12-02 | 9 km ENE of RГ„ВЃmganj, Bangladesh"
385,,"9 km ENE of RГ„ВЃmganj, Bangladesh",2023-12-02T03:35:33.040Z,5.5,23.1475,90.9317,45.06,3.6,1,207,21.6602,92.077,0,0.33,Fatekharkul,273.363581,"2023-12-02 | 9 km ENE of RГ„ВЃmganj, Bangladesh"
386,,"9 km ENE of RГ„ВЃmganj, Bangladesh",2023-12-02T03:35:33.040Z,5.5,23.1475,90.9317,45.06,3.4,1,115,23.99,90.4298,0,0.33,Г…ВўungГ„В«,273.363581,"2023-12-02 | 9 km ENE of RГ„ВЃmganj, Bangladesh"
387,,"9 km ENE of RГ„ВЃmganj, Bangladesh",2023-12-02T03:35:33.040Z,5.5,23.1475,90.9317,45.06,3.4,1,273,22.6328,88.3575,0,0.33,Chakpara,273.363581,"2023-12-02 | 9 km ENE of RГ„ВЃmganj, Bangladesh"
388,,"9 km ENE of RГ„ВЃmganj, Bangladesh",2023-12-02T03:35:33.040Z,5.5,23.1475,90.9317,45.06,3.4,1,96,23.7366,90.3956,0,0.33,Dacca,273.363581,"2023-12-02 | 9 km ENE of RГ„ВЃmganj, Bangladesh"
389,,"9 km ENE of RГ„ВЃmganj, Bangladesh",2023-12-02T03:35:33.040Z,5.5,23.1475,90.9317,45.06,3.4,1,99,23.7819,90.4044,0,0.33,Dacca,273.363581,"2023-12-02 | 9 km ENE of RГ„ВЃmganj, Bangladesh"
390,,"9 km ENE of RГ„ВЃmganj, Bangladesh",2023-12-02T03:35:33.040Z,5.5,23.1475,90.9317,45.06,3.4,1,195,24.4479,89.7076,0,0.33,Serajgonj,273.363581,"2023-12-02 | 9 km ENE of RГ„ВЃmganj, Bangladesh"
391,,"9 km ENE of RГ„ВЃmganj, Bangladesh",2023-12-02T03:35:33.040Z,5.5,23.1475,90.9317,45.06,3.4,1,100,23.9314,90.7255,0,0.33,Narsingdi,273.363581,"2023-12-02 | 9 km ENE of RГ„ВЃmganj, Bangladesh"
392,,"9 km ENE of RГ„ВЃmganj, Bangladesh",2023-12-02T03:35:33.040Z,5.5,23.1475,90.9317,45.06,3.4,1,251,24.8509,89.3603,0,0.33,Bogora,273.363581,"2023-12-02 | 9 km ENE of RГ„ВЃmganj, Bangladesh"
393,,"9 km ENE of RГ„ВЃmganj, Bangladesh",2023-12-02T03:35:33.040Z,5.5,23.1475,90.9317,45.06,3.4,1,98,23.7821,90.4143,0,0.33,Dacca,273.363581,"2023-12-02 | 9 km ENE of RГ„ВЃmganj, Bangladesh"
394,,"9 km ENE of RГ„ВЃmganj, Bangladesh",2023-12-02T03:35:33.040Z,5.5,23.1475,90.9317,45.06,3.4,1,140,22.2546,91.8014,0,0.33,Chattagam,273.363581,"2023-12-02 | 9 km ENE of RГ„ВЃmganj, Bangladesh"
395,,"9 km ENE of RГ„ВЃmganj, Bangladesh",2023-12-02T03:35:33.040Z,5.5,23.1475,90.9317,45.06,3.4,1,88,22.716,90.3569,0,0.33,Barisal,273.363581,"2023-12-02 | 9 km ENE of RГ„ВЃmganj, Bangladesh"
396,,"9 km ENE of RГ„ВЃmganj, Bangladesh",2023-12-02T03:35:33.040Z,5.5,23.1475,90.9317,45.06,3.4,1,276,24.3822,88.6121,0,0.33,Rajshahi,273.363581,"2023-12-02 | 9 km ENE of RГ„ВЃmganj, Bangladesh"
397,,"9 km ENE of RГ„ВЃmganj, Bangladesh",2023-12-02T03:35:33.040Z,5.5,23.1475,90.9317,45.06,3.4,1,95,23.8304,91.2867,0,0.33,Agartala,273.363581,"2023-12-02 | 9 km ENE of RГ„ВЃmganj, Bangladesh"
398,,"9 km ENE of RГ„ВЃmganj, Bangladesh",2023-12-02T03:35:33.040Z,5.5,23.1475,90.9317,45.06,3.4,1,71,23.2002,91.4708,0,0.33,Belonia,273.363581,"2023-12-02 | 9 km ENE of RГ„ВЃmganj, Bangladesh"
399,,"9 km ENE of RГ„ВЃmganj, Bangladesh",2023-12-02T03:35:33.040Z,5.5,23.1475,90.9317,45.06,3.4,1,279,24.3915,88.5925,0,0.33,Rajshahi,273.363581,"2023-12-02 | 9 km ENE of RГ„ВЃmganj, Bangladesh"
400,,"9 km ENE of RГ„ВЃmganj, Bangladesh",2023-12-02T03:35:33.040Z,5.5,23.1475,90.9317,45.06,3.4,1,94,23.7279,90.4153,0,0.33,Dacca,273.363581,"2023-12-02 | 9 km ENE of RГ„ВЃmganj, Bangladesh"
401,,"9 km ENE of RГ„ВЃmganj, Bangladesh",2023-12-02T03:35:33.040Z,5.5,23.1475,90.9317,45.06,3.4,1,88,23.7668,91.2582,0,0.33,Agartala,273.363581,"2023-12-02 | 9 km ENE of RГ„ВЃmganj, Bangladesh"
402,,"9 km ENE of RГ„ВЃmganj, Bangladesh",2023-12-02T03:35:33.040Z,5.5,23.1475,90.9317,45.06,3.4,1,88,23.702,90.4845,0,0.33,Narayanganj,273.363581,"2023-12-02 | 9 km ENE of RГ„ВЃmganj, Bangladesh"
403,,"9 km ENE of RГ„ВЃmganj, Bangladesh",2023-12-02T03:35:33.040Z,5.5,23.1475,90.9317,45.06,3.4,1,95,23.7462,90.4248,0,0.33,Dacca,273.363581,"2023-12-02 | 9 km ENE of RГ„ВЃmganj, Bangladesh"
404,,"9 km ENE of RГ„ВЃmganj, Bangladesh",2023-12-02T03:35:33.040Z,5.5,23.1475,90.9317,45.06,3.4,1,135,22.3541,91.8297,0,0.33,Chattagam,273.363581,"2023-12-02 | 9 km ENE of RГ„ВЃmganj, Bangladesh"
405,,"9 km ENE of RГ„ВЃmganj, Bangladesh",2023-12-02T03:35:33.040Z,5.5,23.1475,90.9317,45.06,3.1,1,118,23.9147,90.2545,0,0.33,Dhamrai,273.363581,"2023-12-02 | 9 km ENE of RГ„ВЃmganj, Bangladesh"
406,,"9 km ENE of RГ„ВЃmganj, Bangladesh",2023-12-02T03:35:33.040Z,5.5,23.1475,90.9317,45.06,3.1,1,194,24.5232,92.0276,0,0.33,Dharmanagar,273.363581,"2023-12-02 | 9 km ENE of RГ„ВЃmganj, Bangladesh"
407,,"9 km ENE of RГ„ВЃmganj, Bangladesh",2023-12-02T03:35:33.040Z,5.5,23.1475,90.9317,45.06,3.1,1,99,23.8005,90.4335,0,0.33,Г…ВўungГ„В«,273.363581,"2023-12-02 | 9 km ENE of RГ„ВЃmganj, Bangladesh"
408,,"9 km ENE of RГ„ВЃmganj, Bangladesh",2023-12-02T03:35:33.040Z,5.5,23.1475,90.9317,45.06,3.1,1,222,21.4428,91.9915,0,0.33,Co'xs Bazar,273.363581,"2023-12-02 | 9 km ENE of RГ„ВЃmganj, Bangladesh"
409,,"9 km ENE of RГ„ВЃmganj, Bangladesh",2023-12-02T03:35:33.040Z,5.5,23.1475,90.9317,45.06,3.1,1,96,23.7273,90.3761,0,0.33,Dacca,273.363581,"2023-12-02 | 9 km ENE of RГ„ВЃmganj, Bangladesh"
410,,"9 km ENE of RГ„ВЃmganj, Bangladesh",2023-12-02T03:35:33.040Z,5.5,23.1475,90.9317,45.06,3.1,1,101,23.8182,90.4136,0,0.33,Г…ВўungГ„В«,273.363581,"2023-12-02 | 9 km ENE of RГ„ВЃmganj, Bangladesh"
411,,"9 km ENE of RГ„ВЃmganj, Bangladesh",2023-12-02T03:35:33.040Z,5.5,23.1475,90.9317,45.06,3.1,1,95,23.7555,90.4442,0,0.33,Dacca,273.363581,"2023-12-02 | 9 km ENE of RГ„ВЃmganj, Bangladesh"
412,,"9 km ENE of RГ„ВЃmganj, Bangladesh",2023-12-02T03:35:33.040Z,5.5,23.1475,90.9317,45.06,3.1,1,145,22.237,91.8598,0,0.33,Chattagam,273.363581,"2023-12-02 | 9 km ENE of RГ„ВЃmganj, Bangladesh"
413,,"9 km ENE of RГ„ВЃmganj, Bangladesh",2023-12-02T03:35:33.040Z,5.5,23.1475,90.9317,45.06,3.1,1,110,23.9081,90.3921,0,0.33,Г…ВўungГ„В«,273.363581,"2023-12-02 | 9 km ENE of RГ„ВЃmganj, Bangladesh"
414,,"9 km ENE of RГ„ВЃmganj, Bangladesh",2023-12-02T03:35:33.040Z,5.5,23.1475,90.9317,45.06,3.1,1,108,24.0121,90.6849,0,0.33,Narsingdi,273.363581,"2023-12-02 | 9 km ENE of RГ„ВЃmganj, Bangladesh"
415,,"9 km ENE of RГ„ВЃmganj, Bangladesh",2023-12-02T03:35:33.040Z,5.5,23.1475,90.9317,45.06,3.1,1,136,22.2816,91.7721,0,0.33,Chattagam,273.363581,"2023-12-02 | 9 km ENE of RГ„ВЃmganj, Bangladesh"
416,,"9 km ENE of RГ„ВЃmganj, Bangladesh",2023-12-02T03:35:33.040Z,5.5,23.1475,90.9317,45.06,2.9,1,283,22.5611,88.279,0,0.33,Santoshpur,273.363581,"2023-12-02 | 9 km ENE of RГ„ВЃmganj, Bangladesh"
417,,"9 km ENE of RГ„ВЃmganj, Bangladesh",2023-12-02T03:35:33.040Z,5.5,23.1475,90.9317,45.06,2.7,1,152,23.1516,89.5052,0,0.33,Narail,273.363581,"2023-12-02 | 9 km ENE of RГ„ВЃmganj, Bangladesh"
418,,"9 km ENE of RГ„ВЃmganj, Bangladesh",2023-12-02T03:35:33.040Z,5.5,23.1475,90.9317,45.06,2.7,1,353,25.0007,88.1346,0,0.33,English Bazar,273.363581,"2023-12-02 | 9 km ENE of RГ„ВЃmganj, Bangladesh"
419,,"9 km ENE of RГ„ВЃmganj, Bangladesh",2023-12-02T03:35:33.040Z,5.5,23.1475,90.9317,45.06,2.7,1,97,23.8575,91.2865,0,0.33,Agartala,273.363581,"2023-12-02 | 9 km ENE of RГ„ВЃmganj, Bangladesh"
420,,"9 km ENE of RГ„ВЃmganj, Bangladesh",2023-12-02T03:35:33.040Z,5.5,23.1475,90.9317,45.06,2.7,1,103,23.7991,90.3551,0,0.33,Г…ВўungГ„В«,273.363581,"2023-12-02 | 9 km ENE of RГ„ВЃmganj, Bangladesh"
421,,"9 km ENE of RГ„ВЃmganj, Bangladesh",2023-12-02T03:35:33.040Z,5.5,23.1475,90.9317,45.06,2.7,1,134,23.5532,89.7771,0,0.33,FarГ„В«dpГ…В«r,273.363581,"2023-12-02 | 9 km ENE of RГ„ВЃmganj, Bangladesh"
422,,"9 km ENE of RГ„ВЃmganj, Bangladesh",2023-12-02T03:35:33.040Z,5.5,23.1475,90.9317,45.06,2.7,1,153,22.8803,89.5293,0,0.33,Khulna,273.363581,"2023-12-02 | 9 km ENE of RГ„ВЃmganj, Bangladesh"
423,,"9 km ENE of RГ„ВЃmganj, Bangladesh",2023-12-02T03:35:33.040Z,5.5,23.1475,90.9317,45.06,2.7,1,375,23.5144,87.3085,0,0.33,Durgapur,273.363581,"2023-12-02 | 9 km ENE of RГ„ВЃmganj, Bangladesh"
424,,"9 km ENE of RГ„ВЃmganj, Bangladesh",2023-12-02T03:35:33.040Z,5.5,23.1475,90.9317,45.06,2.7,1,274,22.5694,88.3666,0,0.33,Calcutta,273.363581,"2023-12-02 | 9 km ENE of RГ„ВЃmganj, Bangladesh"
425,,"9 km ENE of RГ„ВЃmganj, Bangladesh",2023-12-02T03:35:33.040Z,5.5,23.1475,90.9317,45.06,2.5,1,287,25.5695,91.8601,0,0.33,Shillong,273.363581,"2023-12-02 | 9 km ENE of RГ„ВЃmganj, Bangladesh"
426,,"9 km ENE of RГ„ВЃmganj, Bangladesh",2023-12-02T03:35:33.040Z,5.5,23.1475,90.9317,45.06,2.2,1,191,24.7567,90.4043,0,0.33,Maimansingh,273.363581,"2023-12-02 | 9 km ENE of RГ„ВЃmganj, Bangladesh"
427,,"9 km ENE of RГ„ВЃmganj, Bangladesh",2023-12-02T03:35:33.040Z,5.5,23.1475,90.9317,45.06,2.2,1,250,24.8505,89.38,0,0.33,Bogora,273.363581,"2023-12-02 | 9 km ENE of RГ„ВЃmganj, Bangladesh"
428,,"9 km ENE of RГ„ВЃmganj, Bangladesh",2023-12-02T03:35:33.040Z,5.5,23.1475,90.9317,45.06,2.0,1,95,23.737,90.4152,0,0.33,Dacca,273.363581,"2023-12-02 | 9 km ENE of RГ„ВЃmganj, Bangladesh"
429,,"9 km ENE of RГ„ВЃmganj, Bangladesh",2023-12-02T03:35:33.040Z,5.5,23.1475,90.9317,45.06,2.0,1,62,23.5032,91.105,0,0.33,Comilla,273.363581,"2023-12-02 | 9 km ENE of RГ„ВЃmganj, Bangladesh"
430,,"9 km ENE of RГ„ВЃmganj, Bangladesh",2023-12-02T03:35:33.040Z,5.5,23.1475,90.9317,45.06,2.0,1,96,23.8394,91.2867,0,0.33,Agartala,273.363581,"2023-12-02 | 9 km ENE of RГ„ВЃmganj, Bangladesh"
431,,"9 km ENE of RГ„ВЃmganj, Bangladesh",2023-12-02T03:35:33.040Z,5.5,23.1475,90.9317,45.06,2.0,1,176,24.4852,91.7713,0,0.33,Maulvi Bazar,273.363581,"2023-12-02 | 9 km ENE of RГ„ВЃmganj, Bangladesh"
432,,"9 km ENE of RГ„ВЃmganj, Bangladesh",2023-12-02T03:35:33.040Z,5.5,23.1475,90.9317,45.06,2.0,1,419,25.9153,93.7239,0,0.33,Dimapur,273.363581,"2023-12-02 | 9 km ENE of RГ„ВЃmganj, Bangladesh"
433,,"9 km ENE of RГ„ВЃmganj, Bangladesh",2023-12-02T03:35:33.040Z,5.5,23.1475,90.9317,45.06,2.0,1,225,21.425,92.011,0,0.33,Co'xs Bazar,273.363581,"2023-12-02 | 9 km ENE of RГ„ВЃmganj, Bangladesh"
434,,"9 km ENE of RГ„ВЃmganj, Bangladesh",2023-12-02T03:35:33.040Z,5.5,23.1475,90.9317,45.06,2.0,1,221,21.4427,91.9722,0,0.33,Co'xs Bazar,273.363581,"2023-12-02 | 9 km ENE of RГ„ВЃmganj, Bangladesh"
435,,"9 km ENE of RГ„ВЃmganj, Bangladesh",2023-12-02T03:35:33.040Z,5.5,23.1475,90.9317,45.06,1.0,1,122,23.2814,89.83,0,0.33,Bhanga,273.363581,"2023-12-02 | 9 km ENE of RГ„ВЃmganj, Bangladesh"
436,,"9 km ENE of RГ„ВЃmganj, Bangladesh",2023-12-02T03:35:33.040Z,5.5,23.1475,90.9317,45.06,1.0,1,220,24.8924,91.8762,0,0.33,SilhaГ…ВЈ,273.363581,"2023-12-02 | 9 km ENE of RГ„ВЃmganj, Bangladesh"
437,,"9 km ENE of RГ„ВЃmganj, Bangladesh",2023-12-02T03:35:33.040Z,5.5,23.1475,90.9317,45.06,1.0,1,407,26.0271,88.4641,0,0.33,Thakurgaon,273.363581,"2023-12-02 | 9 km ENE of RГ„ВЃmganj, Bangladesh"
438,,"9 km ENE of RГ„ВЃmganj, Bangladesh",2023-12-02T03:35:33.040Z,5.5,23.1475,90.9317,45.06,1.0,1,208,24.9417,91.3509,0,0.33,Shunamganj,273.363581,"2023-12-02 | 9 km ENE of RГ„ВЃmganj, Bangladesh"
